{
    "W": 200,
    "H": 200,
    "depth": 1.0,
    "height": 10.0,
    "num_of_relays": 40,
    "num_of_sensors": 40,
    "relays": [
        {
            "x": 169.2578135401414,
            "y": 44.567364659584605,
            "z": 10.0
        },
        {
            "x": 116.66730221177093,
            "y": 7.433868432587372,
            "z": 10.0
        },
        {
            "x": 160.73296899034878,
            "y": 40.17562051455401,
            "z": 10.0
        },
        {
            "x": 166.28955868365696,
            "y": 6.172326078858272,
            "z": 10.0
        },
        {
            "x": 138.34794493035392,
            "y": 21.268065884878276,
            "z": 10.0
        },
        {
            "x": 165.57262958696057,
            "y": 29.069854860676905,
            "z": 10.0
        },
        {
            "x": 152.04541021643618,
            "y": 37.94655853088576,
            "z": 10.0
        },
        {
            "x": 138.8135346200185,
            "y": 22.644368708157256,
            "z": 10.0
        },
        {
            "x": 131.83334895356583,
            "y": 63.30450208949228,
            "z": 10.0
        },
        {
            "x": 104.6700656282809,
            "y": 49.26547993320999,
            "z": 10.0
        },
        {
            "x": 145.51191481186146,
            "y": 33.06276769807503,
            "z": 10.0
        },
        {
            "x": 189.3456450142226,
            "y": 40.09563712125261,
            "z": 10.0
        },
        {
            "x": 109.87896295948235,
            "y": 25.516314743867976,
            "z": 10.0
        },
        {
            "x": 106.39703891580038,
            "y": 66.78223974026727,
            "z": 10.0
        },
        {
            "x": 119.25683077296499,
            "y": 6.882236556006104,
            "z": 10.0
        },
        {
            "x": 136.81264976636177,
            "y": 22.087444771400214,
            "z": 10.0
        },
        {
            "x": 122.5181907096766,
            "y": 59.942604762455026,
            "z": 10.0
        },
        {
            "x": 137.05694956672562,
            "y": 34.097856118148236,
            "z": 10.0
        },
        {
            "x": 126.36204463153251,
            "y": 78.52870155596551,
            "z": 10.0
        },
        {
            "x": 118.84008812425266,
            "y": 32.18837599589018,
            "z": 10.0
        },
        {
            "x": 132.4300454749131,
            "y": 71.05008958768644,
            "z": 10.0
        },
        {
            "x": 145.23974326501929,
            "y": 32.91471363226134,
            "z": 10.0
        },
        {
            "x": 104.03697045094736,
            "y": 36.52082018435567,
            "z": 10.0
        },
        {
            "x": 123.73347799798,
            "y": 4.131088416114346,
            "z": 10.0
        },
        {
            "x": 109.48432684531977,
            "y": 33.83237683639511,
            "z": 10.0
        },
        {
            "x": 107.96294643702522,
            "y": 65.78646202794287,
            "z": 10.0
        },
        {
            "x": 136.01917911678842,
            "y": 41.831263195743766,
            "z": 10.0
        },
        {
            "x": 142.64891109410036,
            "y": 45.35292580505485,
            "z": 10.0
        },
        {
            "x": 114.52959580509875,
            "y": 30.95482502748622,
            "z": 10.0
        },
        {
            "x": 123.84734784370146,
            "y": 42.39969725106721,
            "z": 10.0
        },
        {
            "x": 147.93715670352262,
            "y": 14.028511617474743,
            "z": 10.0
        },
        {
            "x": 124.67733414379697,
            "y": 60.22764397637936,
            "z": 10.0
        },
        {
            "x": 127.82296149517424,
            "y": 67.27884476560756,
            "z": 10.0
        },
        {
            "x": 183.32481971594822,
            "y": 60.189908614645255,
            "z": 10.0
        },
        {
            "x": 113.8217239907995,
            "y": 56.12839068344582,
            "z": 10.0
        },
        {
            "x": 112.14276407432753,
            "y": 52.79011796934158,
            "z": 10.0
        },
        {
            "x": 124.31468431772305,
            "y": 45.6022895810023,
            "z": 10.0
        },
        {
            "x": 121.77748060376064,
            "y": 43.08100014696426,
            "z": 10.0
        },
        {
            "x": 125.98899440222446,
            "y": 65.65876486534265,
            "z": 10.0
        },
        {
            "x": 104.02632460571071,
            "y": 30.212218435071776,
            "z": 10.0
        }
    ],
    "sensors": [
        {
            "x": 77.26547800584743,
            "y": 77.88840246877302,
            "z": -1.0
        },
        {
            "x": 77.72339140895006,
            "y": 34.917261139918956,
            "z": -1.0
        },
        {
            "x": 70.21928477174934,
            "y": 45.06398953563904,
            "z": -1.0
        },
        {
            "x": 69.51620387167263,
            "y": 28.72193271922361,
            "z": -1.0
        },
        {
            "x": 77.5503854869745,
            "y": 46.22177316249507,
            "z": -1.0
        },
        {
            "x": 74.48574005455757,
            "y": 11.569420743390863,
            "z": -1.0
        },
        {
            "x": 88.60922280292992,
            "y": 38.67540902243475,
            "z": -1.0
        },
        {
            "x": 73.21444631514137,
            "y": 27.96544790411745,
            "z": -1.0
        },
        {
            "x": 68.57556598226101,
            "y": 39.62974481765108,
            "z": -1.0
        },
        {
            "x": 67.30749736626065,
            "y": 66.72291809696655,
            "z": -1.0
        },
        {
            "x": 88.62460674195795,
            "y": 94.0461120028177,
            "z": -1.0
        },
        {
            "x": 90.2725240533581,
            "y": 46.07553116074568,
            "z": -1.0
        },
        {
            "x": 76.24198709401877,
            "y": 79.36348415018065,
            "z": -1.0
        },
        {
            "x": 93.42174189880924,
            "y": 34.59507124250035,
            "z": -1.0
        },
        {
            "x": 77.01070545749965,
            "y": 42.5380792975872,
            "z": -1.0
        },
        {
            "x": 71.74128376243358,
            "y": 86.48756077444435,
            "z": -1.0
        },
        {
            "x": 85.69690041654233,
            "y": 55.704909858159134,
            "z": -1.0
        },
        {
            "x": 130.75778770464086,
            "y": 104.2447921842869,
            "z": -1.0
        },
        {
            "x": 103.5825614616197,
            "y": 8.456770181735713,
            "z": -1.0
        },
        {
            "x": 68.50889486301763,
            "y": 29.754785629005234,
            "z": -1.0
        },
        {
            "x": 98.56519863269799,
            "y": 96.77827474630166,
            "z": -1.0
        },
        {
            "x": 57.232797447410576,
            "y": 44.69637250077413,
            "z": -1.0
        },
        {
            "x": 132.98968316414553,
            "y": 106.8529595533457,
            "z": -1.0
        },
        {
            "x": 65.82800854430478,
            "y": 13.019949528010624,
            "z": -1.0
        },
        {
            "x": 62.03578321906758,
            "y": 42.13515499235315,
            "z": -1.0
        },
        {
            "x": 89.82948030266762,
            "y": 33.30307751359309,
            "z": -1.0
        },
        {
            "x": 79.30173187754323,
            "y": 24.441213765191563,
            "z": -1.0
        },
        {
            "x": 82.32931054416056,
            "y": 46.313801791198124,
            "z": -1.0
        },
        {
            "x": 75.42741824929136,
            "y": 63.58694437087479,
            "z": -1.0
        },
        {
            "x": 74.11102124777078,
            "y": 73.46594438609564,
            "z": -1.0
        },
        {
            "x": 58.466653537496484,
            "y": 41.941362538542805,
            "z": -1.0
        },
        {
            "x": 84.2695223750346,
            "y": 85.56923152886966,
            "z": -1.0
        },
        {
            "x": 63.56839412936914,
            "y": 42.490095823855334,
            "z": -1.0
        },
        {
            "x": 67.75596330090505,
            "y": 8.04414076822063,
            "z": -1.0
        },
        {
            "x": 77.08326168259384,
            "y": 72.62582445513169,
            "z": -1.0
        },
        {
            "x": 73.58215381143415,
            "y": 42.806514296768825,
            "z": -1.0
        },
        {
            "x": 70.24082320201164,
            "y": 34.29325828572539,
            "z": -1.0
        },
        {
            "x": 104.35432786194724,
            "y": 120.69011892381259,
            "z": -1.0
        },
        {
            "x": 77.13865641988002,
            "y": 59.94788725720323,
            "z": -1.0
        },
        {
            "x": 58.80090118309348,
            "y": 19.339681030114228,
            "z": -1.0
        }
    ],
    "center": {
        "x": 146.58178514930762,
        "y": 41.41578269125954,
        "z": 0.0
    },
    "radius": 50
}