{
    "W": 200,
    "H": 200,
    "depth": 1.0,
    "height": 10.0,
    "num_of_relays": 40,
    "num_of_sensors": 40,
    "relays": [
        {
            "x": 63.652594424007155,
            "y": 129.25481497498743,
            "z": 10.0
        },
        {
            "x": 65.76596647754769,
            "y": 130.45509858354484,
            "z": 10.0
        },
        {
            "x": 49.86815537016063,
            "y": 123.27404573367156,
            "z": 10.0
        },
        {
            "x": 63.316136024263756,
            "y": 106.55939058412794,
            "z": 10.0
        },
        {
            "x": 67.8377563471775,
            "y": 103.41574125484433,
            "z": 10.0
        },
        {
            "x": 61.51206225169837,
            "y": 125.6671931955118,
            "z": 10.0
        },
        {
            "x": 71.20915398222375,
            "y": 142.4733859926771,
            "z": 10.0
        },
        {
            "x": 50.21448283435257,
            "y": 133.81575321890347,
            "z": 10.0
        },
        {
            "x": 80.85567954979221,
            "y": 113.06839570173301,
            "z": 18.850460051812835
        },
        {
            "x": 64.042839378181,
            "y": 113.07881743088657,
            "z": 10.0
        },
        {
            "x": 79.23459549837054,
            "y": 114.49538426580446,
            "z": 17.816995472638098
        },
        {
            "x": 52.359265637715794,
            "y": 124.27028574454759,
            "z": 10.0
        },
        {
            "x": 66.12977567247286,
            "y": 127.57057042821978,
            "z": 10.0
        },
        {
            "x": 85.7620277084204,
            "y": 120.59681492516411,
            "z": 18.898828595358133
        },
        {
            "x": 60.60312246454083,
            "y": 104.91482300963438,
            "z": 10.0
        },
        {
            "x": 55.80557371624369,
            "y": 119.0641978609885,
            "z": 10.0
        },
        {
            "x": 79.92253461567732,
            "y": 118.2704908214065,
            "z": 13.316970052000105
        },
        {
            "x": 75.24739902619856,
            "y": 119.25789738960763,
            "z": 17.109457973888496
        },
        {
            "x": 82.14282591715744,
            "y": 131.04640788819762,
            "z": 13.747435512848183
        },
        {
            "x": 64.56676869166604,
            "y": 110.94704670414748,
            "z": 10.0
        },
        {
            "x": 75.13066096824272,
            "y": 111.26231471869342,
            "z": 16.938052604543962
        },
        {
            "x": 59.867949000755615,
            "y": 109.18233460449873,
            "z": 10.0
        },
        {
            "x": 69.52676746528955,
            "y": 110.13733426184652,
            "z": 10.0
        },
        {
            "x": 86.12789987874342,
            "y": 123.38317305202887,
            "z": 18.476000608600284
        },
        {
            "x": 60.104904573583575,
            "y": 116.91696777989227,
            "z": 10.0
        },
        {
            "x": 57.879597246267146,
            "y": 120.18012470844823,
            "z": 10.0
        },
        {
            "x": 77.42256946143976,
            "y": 114.94489667852665,
            "z": 18.981549893292403
        },
        {
            "x": 68.19821208066776,
            "y": 112.93457183191374,
            "z": 10.0
        },
        {
            "x": 59.53430059600023,
            "y": 110.60960501036834,
            "z": 10.0
        },
        {
            "x": 65.36344651140179,
            "y": 104.01235590803226,
            "z": 10.0
        },
        {
            "x": 73.80020477741206,
            "y": 124.86941223584445,
            "z": 10.0
        },
        {
            "x": 68.93729917973053,
            "y": 130.0858936802162,
            "z": 10.0
        },
        {
            "x": 73.0844776467791,
            "y": 124.96714553989482,
            "z": 10.0
        },
        {
            "x": 51.90531774520342,
            "y": 135.3463861831546,
            "z": 10.0
        },
        {
            "x": 52.655422370111594,
            "y": 120.57860130670399,
            "z": 10.0
        },
        {
            "x": 62.13397925276441,
            "y": 116.66638278324345,
            "z": 10.0
        },
        {
            "x": 80.79558270008363,
            "y": 118.04416721784943,
            "z": 18.934068209064215
        },
        {
            "x": 56.84457638328271,
            "y": 123.08415251240817,
            "z": 10.0
        },
        {
            "x": 64.99349467319226,
            "y": 112.74511652369793,
            "z": 10.0
        },
        {
            "x": 59.44311453021676,
            "y": 114.09116885750211,
            "z": 10.0
        }
    ],
    "sensors": [
        {
            "x": 59.157415480994715,
            "y": 100.16429901352417,
            "z": -1.0
        },
        {
            "x": 68.66598461785807,
            "y": 85.86621376512988,
            "z": -1.0
        },
        {
            "x": 32.59694070428795,
            "y": 110.40780291359215,
            "z": -1.0
        },
        {
            "x": 47.510006480884286,
            "y": 111.790514736987,
            "z": -1.0
        },
        {
            "x": 61.64071896641502,
            "y": 94.0049724262763,
            "z": -1.0
        },
        {
            "x": 70.52503994592355,
            "y": 81.59309109736613,
            "z": 1.812753597139248
        },
        {
            "x": 80.39523418969563,
            "y": 82.71804494243348,
            "z": 11.681968676109516
        },
        {
            "x": 60.98656901584519,
            "y": 92.60875810521746,
            "z": -1.0
        },
        {
            "x": 46.24066519783085,
            "y": 90.22011074554993,
            "z": -1.0
        },
        {
            "x": 39.47716219153007,
            "y": 101.77492981635228,
            "z": -1.0
        },
        {
            "x": 40.260664361706,
            "y": 115.7849977689959,
            "z": -1.0
        },
        {
            "x": 45.408131842847,
            "y": 146.6923385772887,
            "z": -1.0
        },
        {
            "x": 77.64204904447841,
            "y": 95.93530686362791,
            "z": 9.472478233279999
        },
        {
            "x": 82.14657433479653,
            "y": 91.02674313080115,
            "z": 13.39514640967456
        },
        {
            "x": 34.39745043310803,
            "y": 137.60613869753843,
            "z": 1.3531460410153398
        },
        {
            "x": 29.028645880626915,
            "y": 143.31741764484687,
            "z": 9.016947079972185
        },
        {
            "x": 77.60377045237475,
            "y": 82.04357670184513,
            "z": 5.830736516508096
        },
        {
            "x": 64.87028740379827,
            "y": 89.1298200412896,
            "z": -1.0
        },
        {
            "x": 38.91922181688822,
            "y": 146.04070790125763,
            "z": 3.2376565359843275
        },
        {
            "x": 42.13411909549937,
            "y": 117.38766469021914,
            "z": -1.0
        },
        {
            "x": 43.69004832392431,
            "y": 124.44421165198187,
            "z": -1.0
        },
        {
            "x": 72.04110750562606,
            "y": 86.98187743446924,
            "z": 1.305495427007327
        },
        {
            "x": 63.03310985493655,
            "y": 81.52421816573022,
            "z": -1.0
        },
        {
            "x": 28.420961406847415,
            "y": 123.70080469250122,
            "z": -1.0
        },
        {
            "x": 34.95795811333671,
            "y": 111.45134245083075,
            "z": -1.0
        },
        {
            "x": 69.70939178788396,
            "y": 95.18917293189529,
            "z": -1.0
        },
        {
            "x": 83.54060985718131,
            "y": 101.12658789561253,
            "z": 7.7466605941400815
        },
        {
            "x": 71.3765350562712,
            "y": 88.69811669530381,
            "z": 3.105363677165208
        },
        {
            "x": 48.488949326459554,
            "y": 94.26683419483027,
            "z": -1.0
        },
        {
            "x": 37.18478081767445,
            "y": 134.38777124682753,
            "z": -1.0
        },
        {
            "x": 48.37293774782825,
            "y": 95.60323224158626,
            "z": -1.0
        },
        {
            "x": 79.55399674074538,
            "y": 93.33841969774738,
            "z": 13.530185344616747
        },
        {
            "x": 58.59376098877078,
            "y": 94.39710478574436,
            "z": -1.0
        },
        {
            "x": 47.22581200377648,
            "y": 89.84499998835152,
            "z": -1.0
        },
        {
            "x": 64.80670779095706,
            "y": 81.26593050623597,
            "z": -1.0
        },
        {
            "x": 54.35248053629438,
            "y": 92.56478601525014,
            "z": -1.0
        },
        {
            "x": 64.72608691301875,
            "y": 86.90137939846667,
            "z": -1.0
        },
        {
            "x": 98.66729914446185,
            "y": 105.17318242766642,
            "z": 33.581623805582616
        },
        {
            "x": 82.3979938603625,
            "y": 96.0827381350942,
            "z": 11.81629919541188
        },
        {
            "x": 84.99386512299291,
            "y": 98.12713931433086,
            "z": 8.631406743062021
        }
    ],
    "center": {
        "x": 70.63913827782062,
        "y": 124.27675717837974,
        "z": 0.0
    },
    "radius": 25
}