{
    "W": 200,
    "H": 200,
    "depth": 1.0,
    "height": 10.0,
    "num_of_relays": 40,
    "num_of_sensors": 40,
    "relays": [
        {
            "x": 49.316138693265366,
            "y": 65.75578733886545,
            "z": 10.0
        },
        {
            "x": 52.08964166473256,
            "y": 34.06455429747627,
            "z": 10.0
        },
        {
            "x": 29.983524794457537,
            "y": 54.04590031664291,
            "z": 10.0
        },
        {
            "x": 32.986342018162944,
            "y": 110.59279272692189,
            "z": 10.0
        },
        {
            "x": 20.0849275726281,
            "y": 86.58876839097294,
            "z": 10.0
        },
        {
            "x": 34.06900087344322,
            "y": 53.24137413975844,
            "z": 10.0
        },
        {
            "x": 19.12577510647221,
            "y": 86.32517112564265,
            "z": 10.0
        },
        {
            "x": 43.87743061115248,
            "y": 26.261485572627397,
            "z": 10.0
        },
        {
            "x": 57.60679001625327,
            "y": 37.15303271928748,
            "z": 10.0
        },
        {
            "x": 32.38936034019903,
            "y": 48.83704372620294,
            "z": 10.0
        },
        {
            "x": 65.81905558927215,
            "y": 49.096445170264595,
            "z": 16.420103619909266
        },
        {
            "x": 8.724928981397737,
            "y": 35.462848504494175,
            "z": 10.0
        },
        {
            "x": 70.00852827128867,
            "y": 64.62235077021627,
            "z": 22.61919711730749
        },
        {
            "x": 50.10603247591331,
            "y": 68.1510440477238,
            "z": 10.0
        },
        {
            "x": 60.28835014094348,
            "y": 39.31503680270778,
            "z": 14.265267143898297
        },
        {
            "x": 51.44732915729281,
            "y": 113.75075062385247,
            "z": 10.0
        },
        {
            "x": 17.657943215361495,
            "y": 102.97745584584838,
            "z": 10.0
        },
        {
            "x": 42.49290471770961,
            "y": 39.10474070785519,
            "z": 10.0
        },
        {
            "x": 53.11553358880302,
            "y": 21.739860493361025,
            "z": 10.0
        },
        {
            "x": 71.3415997853422,
            "y": 38.44314322681471,
            "z": 18.326494219551147
        },
        {
            "x": 75.71496165626013,
            "y": 59.63433586056576,
            "z": 21.752571747176653
        },
        {
            "x": 35.898188342450084,
            "y": 59.32671566323793,
            "z": 10.0
        },
        {
            "x": 45.46271146740648,
            "y": 30.096711423337876,
            "z": 10.0
        },
        {
            "x": 45.638564874559535,
            "y": 77.30260220287231,
            "z": 10.0
        },
        {
            "x": 11.020195455840481,
            "y": 53.06776309126169,
            "z": 10.0
        },
        {
            "x": 70.87548104569188,
            "y": 78.45341406104578,
            "z": 16.036445967637686
        },
        {
            "x": 22.21876067418686,
            "y": 31.566982806286795,
            "z": 10.0
        },
        {
            "x": 13.074812481903042,
            "y": 40.69980330210603,
            "z": 10.0
        },
        {
            "x": 45.95105513463652,
            "y": 39.33355244453715,
            "z": 10.0
        },
        {
            "x": 35.63286611666679,
            "y": 103.33255363307997,
            "z": 10.0
        },
        {
            "x": 30.6830596479876,
            "y": 64.50916717734867,
            "z": 10.0
        },
        {
            "x": 12.223254161555394,
            "y": 52.8026348469092,
            "z": 10.0
        },
        {
            "x": 30.90176174582698,
            "y": 31.352080889643513,
            "z": 10.0
        },
        {
            "x": 57.43302100254549,
            "y": 84.57278746171565,
            "z": 10.0
        },
        {
            "x": 59.46431793102992,
            "y": 79.4726733077123,
            "z": 10.0
        },
        {
            "x": 50.00346016033281,
            "y": 46.294620791451294,
            "z": 10.0
        },
        {
            "x": 72.97637911006338,
            "y": 65.75885948909422,
            "z": 16.345250829103442
        },
        {
            "x": 36.92815879518255,
            "y": 56.26487728550826,
            "z": 10.0
        },
        {
            "x": 58.576038171175426,
            "y": 66.53634272221296,
            "z": 10.0
        },
        {
            "x": 28.592922697300725,
            "y": 65.12294661512512,
            "z": 10.0
        }
    ],
    "sensors": [
        {
            "x": 73.92470626936702,
            "y": 129.69343837649143,
            "z": -1.0
        },
        {
            "x": 33.48194459516063,
            "y": 7.426495436386648,
            "z": -1.0
        },
        {
            "x": 11.455371940589632,
            "y": 8.177294216720972,
            "z": -1.0
        },
        {
            "x": 75.624569761737,
            "y": 7.571921289081885,
            "z": 2.7291973460528967
        },
        {
            "x": 13.79575424803034,
            "y": 17.557252050843395,
            "z": -1.0
        },
        {
            "x": 43.73062262156836,
            "y": 14.962487915843795,
            "z": -1.0
        },
        {
            "x": 26.959170045129667,
            "y": 5.799812938594282,
            "z": -1.0
        },
        {
            "x": 13.123350435501044,
            "y": 5.152249420190715,
            "z": -1.0
        },
        {
            "x": 28.806889338423407,
            "y": 16.477848047749163,
            "z": -1.0
        },
        {
            "x": 33.12690217620755,
            "y": 16.75390431060947,
            "z": -1.0
        },
        {
            "x": 45.562778895595514,
            "y": 8.702833259359101,
            "z": -1.0
        },
        {
            "x": 66.98925904523519,
            "y": 20.356018004242067,
            "z": 0.33519783418213445
        },
        {
            "x": 89.11586656829435,
            "y": 84.38188966581161,
            "z": 39.77301287489977
        },
        {
            "x": 70.75948891689868,
            "y": 21.883399447961384,
            "z": 2.508640452547078
        },
        {
            "x": 24.69256846363417,
            "y": 5.355173816117513,
            "z": -1.0
        },
        {
            "x": 47.653100779990716,
            "y": 14.211504642742844,
            "z": -1.0
        },
        {
            "x": 81.1698973968007,
            "y": 12.959941415991292,
            "z": 7.8090672618597825
        },
        {
            "x": 51.80231867642489,
            "y": 132.51188189042756,
            "z": -1.0
        },
        {
            "x": 4.823191881424206,
            "y": 89.24656201468937,
            "z": 39.38637265181267
        },
        {
            "x": 83.63332930975724,
            "y": 25.226604239567035,
            "z": 12.281491781261838
        },
        {
            "x": 40.37888631384118,
            "y": 14.191772344675286,
            "z": -1.0
        },
        {
            "x": 15.963546314365479,
            "y": 141.82353601808447,
            "z": 34.48637934815085
        },
        {
            "x": 60.34085459293239,
            "y": 14.46238802788198,
            "z": -1.0
        },
        {
            "x": 107.3356039748642,
            "y": 24.040116677776822,
            "z": 47.69270531116626
        },
        {
            "x": 83.24471625521477,
            "y": 136.67179390614274,
            "z": 2.78609646918043
        },
        {
            "x": 91.15856481545273,
            "y": 54.72376118018415,
            "z": 50.44494480372019
        },
        {
            "x": 101.84199929727185,
            "y": 39.846690965746625,
            "z": 50.223161021382865
        },
        {
            "x": 17.326339239728487,
            "y": 17.288692420080967,
            "z": -1.0
        },
        {
            "x": 89.5008352082963,
            "y": 80.72203013193207,
            "z": 18.34683849063137
        },
        {
            "x": 77.58406417147064,
            "y": 28.55157620601067,
            "z": 11.334188974208814
        },
        {
            "x": 14.231355620087225,
            "y": 8.206900096135792,
            "z": -1.0
        },
        {
            "x": 35.97840442884858,
            "y": 11.62657996504934,
            "z": -1.0
        },
        {
            "x": 55.65253512730258,
            "y": 15.30825516855177,
            "z": -1.0
        },
        {
            "x": 21.182900935070183,
            "y": 123.01256211274222,
            "z": -1.0
        },
        {
            "x": 78.38967577040228,
            "y": 19.351123303559177,
            "z": 8.657206924657457
        },
        {
            "x": 26.51308061665086,
            "y": 118.7554597113517,
            "z": -1.0
        },
        {
            "x": 11.472904027372566,
            "y": 116.35501608258733,
            "z": 7.130735593596755
        },
        {
            "x": 99.11823890811775,
            "y": 49.17615175667689,
            "z": 55.21090281754742
        },
        {
            "x": 5.9600825646932485,
            "y": 103.54361411480697,
            "z": 20.598977185559377
        },
        {
            "x": 80.5825080423568,
            "y": 32.1302036855637,
            "z": 12.458442422085255
        }
    ],
    "center": {
        "x": 42.907059027493915,
        "y": 67.18575599353446,
        "z": 0.0
    },
    "radius": 50
}