{
    "W": 200,
    "H": 200,
    "depth": 1.0,
    "height": 10.0,
    "num_of_relays": 40,
    "num_of_sensors": 40,
    "relays": [
        {
            "x": 45.219843736777406,
            "y": 102.85441554688322,
            "z": 10.0
        },
        {
            "x": 61.508142326560154,
            "y": 112.31118463864026,
            "z": 10.0
        },
        {
            "x": 70.19242862006644,
            "y": 77.6217507640506,
            "z": 10.0
        },
        {
            "x": 37.034659651823446,
            "y": 81.88423260896667,
            "z": 10.0
        },
        {
            "x": 102.27110020113955,
            "y": 92.78016872826531,
            "z": 10.0
        },
        {
            "x": 39.54302383098419,
            "y": 49.60207633836251,
            "z": 10.0
        },
        {
            "x": 80.03449772227827,
            "y": 98.77465713049891,
            "z": 10.0
        },
        {
            "x": 46.691090885754114,
            "y": 110.13191274517217,
            "z": 10.0
        },
        {
            "x": 47.34709150186486,
            "y": 53.92938453878015,
            "z": 10.0
        },
        {
            "x": 84.40654286504049,
            "y": 45.28178883400686,
            "z": 10.0
        },
        {
            "x": 107.76400106999887,
            "y": 92.69376120306066,
            "z": 10.0
        },
        {
            "x": 44.46437215855441,
            "y": 57.84953936289665,
            "z": 10.0
        },
        {
            "x": 82.7838911700158,
            "y": 92.54360769819404,
            "z": 10.0
        },
        {
            "x": 104.3344752368976,
            "y": 105.26814210822727,
            "z": 10.0
        },
        {
            "x": 99.72651683195932,
            "y": 66.34321901860022,
            "z": 10.0
        },
        {
            "x": 90.49536983776821,
            "y": 45.26362546606404,
            "z": 10.0
        },
        {
            "x": 33.417883198918844,
            "y": 93.24746804449137,
            "z": 10.0
        },
        {
            "x": 71.88855066463522,
            "y": 43.7621801541074,
            "z": 10.0
        },
        {
            "x": 104.44533204717484,
            "y": 65.70767140033344,
            "z": 10.0
        },
        {
            "x": 59.40363031366833,
            "y": 123.01349831709484,
            "z": 10.0
        },
        {
            "x": 67.8041553316009,
            "y": 66.19167798603286,
            "z": 10.0
        },
        {
            "x": 68.13254111850318,
            "y": 108.34452350639445,
            "z": 10.0
        },
        {
            "x": 76.336240754144,
            "y": 79.09059345890715,
            "z": 10.0
        },
        {
            "x": 63.05352008262938,
            "y": 98.02932486478123,
            "z": 10.0
        },
        {
            "x": 37.50695359659078,
            "y": 104.51877665205326,
            "z": 10.0
        },
        {
            "x": 71.6497654104328,
            "y": 76.91553412969384,
            "z": 10.0
        },
        {
            "x": 104.15106551142178,
            "y": 101.5231090486954,
            "z": 10.0
        },
        {
            "x": 80.26920493247016,
            "y": 44.67323603128889,
            "z": 10.0
        },
        {
            "x": 95.2139151843697,
            "y": 93.96458153010782,
            "z": 10.0
        },
        {
            "x": 85.84739278299898,
            "y": 65.1694933751454,
            "z": 10.0
        },
        {
            "x": 85.46430956561912,
            "y": 92.60126335125325,
            "z": 10.0
        },
        {
            "x": 76.47432962873296,
            "y": 71.34522908264982,
            "z": 10.0
        },
        {
            "x": 97.91909857806584,
            "y": 58.618302308705225,
            "z": 10.0
        },
        {
            "x": 70.87804799785823,
            "y": 52.86235291126726,
            "z": 10.0
        },
        {
            "x": 96.4468273179839,
            "y": 71.92358573239453,
            "z": 10.0
        },
        {
            "x": 68.82498512823771,
            "y": 103.68675730454933,
            "z": 10.0
        },
        {
            "x": 37.604462094165406,
            "y": 100.6761270565007,
            "z": 10.0
        },
        {
            "x": 90.86498737640753,
            "y": 98.37205926074844,
            "z": 10.0
        },
        {
            "x": 70.42116492950007,
            "y": 40.37535503897196,
            "z": 10.0
        },
        {
            "x": 65.17688465442157,
            "y": 31.154858592869815,
            "z": 10.0
        }
    ],
    "sensors": [
        {
            "x": 137.1454524529882,
            "y": 105.1807608549363,
            "z": -1.0
        },
        {
            "x": 107.44690142306037,
            "y": 43.35510011892484,
            "z": -1.0
        },
        {
            "x": 126.99447021715248,
            "y": 123.00856500711419,
            "z": -1.0
        },
        {
            "x": 118.43504843305311,
            "y": 70.16597062737002,
            "z": -1.0
        },
        {
            "x": 106.36453493092445,
            "y": 140.6614136929961,
            "z": -1.0
        },
        {
            "x": 124.50572128425827,
            "y": 91.86962206790707,
            "z": -1.0
        },
        {
            "x": 144.89882902761389,
            "y": 68.450118544635,
            "z": -1.0
        },
        {
            "x": 128.31330201578615,
            "y": 82.71422659311023,
            "z": -1.0
        },
        {
            "x": 0.0,
            "y": 30.45111497293695,
            "z": -1.0
        },
        {
            "x": 142.31544796296018,
            "y": 64.21711797240533,
            "z": -1.0
        },
        {
            "x": 144.77197439442241,
            "y": 74.43446597169341,
            "z": -1.0
        },
        {
            "x": 127.07989689975899,
            "y": 46.14405749191537,
            "z": -1.0
        },
        {
            "x": 61.6750691365324,
            "y": 169.4098947649629,
            "z": -1.0
        },
        {
            "x": 103.37860756149801,
            "y": 136.5047401763826,
            "z": -1.0
        },
        {
            "x": 127.67863086837575,
            "y": 85.43351634358129,
            "z": -1.0
        },
        {
            "x": 38.14766118776078,
            "y": 124.0647663521915,
            "z": -1.0
        },
        {
            "x": 129.98128865628652,
            "y": 76.45962051561898,
            "z": -1.0
        },
        {
            "x": 135.6641271660421,
            "y": 130.36174917855655,
            "z": -1.0
        },
        {
            "x": 116.34537965184168,
            "y": 13.255265317149465,
            "z": -1.0
        },
        {
            "x": 105.06485596365775,
            "y": 42.54156952782129,
            "z": -1.0
        },
        {
            "x": 12.216140433239431,
            "y": 73.51845900161744,
            "z": -1.0
        },
        {
            "x": 14.708953284521911,
            "y": 62.72495213040635,
            "z": -1.0
        },
        {
            "x": 84.54298028950967,
            "y": 148.89774723724824,
            "z": -1.0
        },
        {
            "x": 94.04806893978424,
            "y": 123.92602076110241,
            "z": -1.0
        },
        {
            "x": 139.57222156016564,
            "y": 91.81969482930995,
            "z": -1.0
        },
        {
            "x": 0.0,
            "y": 127.4254806250062,
            "z": -1.0
        },
        {
            "x": 128.6607173143042,
            "y": 36.76896460655642,
            "z": -1.0
        },
        {
            "x": 95.02822485809608,
            "y": 36.92730370451002,
            "z": -1.0
        },
        {
            "x": 127.70561573490582,
            "y": 87.88031832483458,
            "z": -1.0
        },
        {
            "x": 99.2468454242155,
            "y": 34.78203075628288,
            "z": -1.0
        },
        {
            "x": 140.2437283947711,
            "y": 45.316606087998004,
            "z": -1.0
        },
        {
            "x": 98.36063384185594,
            "y": 123.90155588625217,
            "z": -1.0
        },
        {
            "x": 114.606905262435,
            "y": 24.611375095315978,
            "z": -1.0
        },
        {
            "x": 121.79139562509272,
            "y": 73.98286864129707,
            "z": -1.0
        },
        {
            "x": 130.82631328219813,
            "y": 143.92341027301097,
            "z": -1.0
        },
        {
            "x": 112.40516687601023,
            "y": 45.74762454927295,
            "z": -1.0
        },
        {
            "x": 115.41446409272433,
            "y": 56.752957902376096,
            "z": -1.0
        },
        {
            "x": 87.5510104940789,
            "y": 153.05897754303763,
            "z": -1.0
        },
        {
            "x": 114.4735178220696,
            "y": 22.961265565769537,
            "z": -1.0
        },
        {
            "x": 57.03071697623886,
            "y": 0.0,
            "z": -1.0
        }
    ],
    "center": {
        "x": 64.36565866925227,
        "y": 79.11719040009942,
        "z": 0.0
    },
    "radius": 50
}