{
    "W": 200,
    "H": 200,
    "depth": 1.0,
    "height": 10.0,
    "num_of_relays": 40,
    "num_of_sensors": 40,
    "relays": [
        {
            "x": 101.53616088124379,
            "y": 121.52645441226281,
            "z": 10.0
        },
        {
            "x": 115.14210216325998,
            "y": 149.64069132704856,
            "z": 10.0
        },
        {
            "x": 106.04693609268266,
            "y": 111.98439468359084,
            "z": 10.0
        },
        {
            "x": 132.8036821426869,
            "y": 117.45949134104264,
            "z": 10.0
        },
        {
            "x": 130.85346370492272,
            "y": 126.20711623326477,
            "z": 10.0
        },
        {
            "x": 105.49238944702508,
            "y": 119.45133058927388,
            "z": 10.0
        },
        {
            "x": 127.38548239092711,
            "y": 123.7546800288982,
            "z": 10.0
        },
        {
            "x": 109.43157703287632,
            "y": 124.35451071750892,
            "z": 10.0
        },
        {
            "x": 129.7169485561963,
            "y": 125.0266378659,
            "z": 10.0
        },
        {
            "x": 99.61057738974667,
            "y": 137.3702562320508,
            "z": 10.0
        },
        {
            "x": 115.34920938468635,
            "y": 134.5735520730886,
            "z": 10.0
        },
        {
            "x": 105.07996374767902,
            "y": 124.28573963966073,
            "z": 10.0
        },
        {
            "x": 105.96575927156366,
            "y": 139.3027190944559,
            "z": 10.0
        },
        {
            "x": 120.32933228099762,
            "y": 130.86469194518185,
            "z": 10.0
        },
        {
            "x": 126.79920942776842,
            "y": 122.1102505651959,
            "z": 10.0
        },
        {
            "x": 132.15208765701746,
            "y": 143.37570889243327,
            "z": 10.0
        },
        {
            "x": 106.80489957742193,
            "y": 131.9472948287938,
            "z": 10.0
        },
        {
            "x": 115.19965032262468,
            "y": 113.67305898067019,
            "z": 10.0
        },
        {
            "x": 127.74595652705142,
            "y": 135.05777872645277,
            "z": 10.0
        },
        {
            "x": 117.2577698077068,
            "y": 114.5726872990432,
            "z": 10.0
        },
        {
            "x": 129.05160564521518,
            "y": 123.21661980601989,
            "z": 10.0
        },
        {
            "x": 124.36528410299243,
            "y": 145.70121582080498,
            "z": 10.0
        },
        {
            "x": 129.2830187039069,
            "y": 141.70749547566317,
            "z": 10.0
        },
        {
            "x": 133.04593386110068,
            "y": 128.25819422234395,
            "z": 10.0
        },
        {
            "x": 110.68920651009049,
            "y": 126.78047246781023,
            "z": 10.0
        },
        {
            "x": 108.11759227599804,
            "y": 123.29386105178104,
            "z": 10.0
        },
        {
            "x": 118.04050471152672,
            "y": 120.17110864813466,
            "z": 10.0
        },
        {
            "x": 124.18151606889728,
            "y": 133.15528690404037,
            "z": 10.0
        },
        {
            "x": 126.8026943690846,
            "y": 135.70103482364408,
            "z": 10.0
        },
        {
            "x": 104.43089121897052,
            "y": 116.57839200267856,
            "z": 10.0
        },
        {
            "x": 123.4061687530706,
            "y": 122.13958583727371,
            "z": 10.0
        },
        {
            "x": 130.09257791388194,
            "y": 142.47041856838948,
            "z": 10.0
        },
        {
            "x": 101.28802119123876,
            "y": 133.43527052943247,
            "z": 10.0
        },
        {
            "x": 127.79692022380789,
            "y": 150.85538035413282,
            "z": 10.0
        },
        {
            "x": 112.66685066612659,
            "y": 151.1133702368813,
            "z": 10.0
        },
        {
            "x": 131.9332878012983,
            "y": 119.84020940931818,
            "z": 10.0
        },
        {
            "x": 121.18085218125269,
            "y": 107.6871780384193,
            "z": 10.0
        },
        {
            "x": 127.09390328706229,
            "y": 143.925863485101,
            "z": 10.0
        },
        {
            "x": 98.78359585116715,
            "y": 125.3547095592869,
            "z": 10.0
        },
        {
            "x": 126.78042288777456,
            "y": 117.56150891956301,
            "z": 10.0
        }
    ],
    "sensors": [
        {
            "x": 140.7403795295707,
            "y": 114.71186125089106,
            "z": -1.0
        },
        {
            "x": 143.84778696971532,
            "y": 100.36936673230362,
            "z": -1.0
        },
        {
            "x": 89.20489859611601,
            "y": 104.66403897839639,
            "z": -1.0
        },
        {
            "x": 139.50787092195162,
            "y": 152.86810032398043,
            "z": -1.0
        },
        {
            "x": 98.69987871513943,
            "y": 111.14356474727377,
            "z": -1.0
        },
        {
            "x": 82.3969698362663,
            "y": 116.79781516109021,
            "z": -1.0
        },
        {
            "x": 102.02788998333227,
            "y": 159.90462137402434,
            "z": -1.0
        },
        {
            "x": 103.77665453176594,
            "y": 152.70444249992906,
            "z": -1.0
        },
        {
            "x": 98.67552648449329,
            "y": 147.5249395644846,
            "z": -1.0
        },
        {
            "x": 130.15434759083172,
            "y": 87.3175452629063,
            "z": -1.0
        },
        {
            "x": 109.04235688031284,
            "y": 168.14077831379024,
            "z": -1.0
        },
        {
            "x": 153.6666018915773,
            "y": 130.73257851862914,
            "z": -1.0
        },
        {
            "x": 84.75535964714392,
            "y": 131.304522078698,
            "z": -1.0
        },
        {
            "x": 126.87997081696123,
            "y": 157.4152695702178,
            "z": -1.0
        },
        {
            "x": 152.52989402244458,
            "y": 112.43181944926411,
            "z": -1.0
        },
        {
            "x": 147.00826273981767,
            "y": 106.26311760392667,
            "z": -1.0
        },
        {
            "x": 86.96536856596397,
            "y": 104.22700020670018,
            "z": -1.0
        },
        {
            "x": 129.25041529011577,
            "y": 156.11026205363788,
            "z": -1.0
        },
        {
            "x": 84.57942562541314,
            "y": 148.4426698664821,
            "z": -1.0
        },
        {
            "x": 120.17524861772715,
            "y": 103.62925456262015,
            "z": -1.0
        },
        {
            "x": 109.7646544767181,
            "y": 91.51053152456407,
            "z": -1.0
        },
        {
            "x": 132.45596173954536,
            "y": 108.29372040020952,
            "z": -1.0
        },
        {
            "x": 90.73843057139585,
            "y": 114.73221417544289,
            "z": -1.0
        },
        {
            "x": 153.23735155289472,
            "y": 125.55867406285148,
            "z": -1.0
        },
        {
            "x": 127.10693459448852,
            "y": 162.41041597577527,
            "z": -1.0
        },
        {
            "x": 114.91154279241402,
            "y": 159.90886264889917,
            "z": -1.0
        },
        {
            "x": 137.44347234911652,
            "y": 150.59963521808376,
            "z": -1.0
        },
        {
            "x": 91.62453429139158,
            "y": 143.38161837584667,
            "z": -1.0
        },
        {
            "x": 128.7514751197875,
            "y": 105.03530065196513,
            "z": -1.0
        },
        {
            "x": 138.2099562374612,
            "y": 93.88300970419905,
            "z": -1.0
        },
        {
            "x": 92.36218012104136,
            "y": 156.42533285370888,
            "z": -1.0
        },
        {
            "x": 104.55342790919215,
            "y": 93.09758573213003,
            "z": -1.0
        },
        {
            "x": 144.7107166552165,
            "y": 106.47337186268204,
            "z": -1.0
        },
        {
            "x": 112.7702533333878,
            "y": 91.42397429378946,
            "z": -1.0
        },
        {
            "x": 103.30389256085382,
            "y": 94.53199949566832,
            "z": -1.0
        },
        {
            "x": 78.29966587022008,
            "y": 135.5489821924144,
            "z": -1.0
        },
        {
            "x": 155.00207800366107,
            "y": 120.46457797709749,
            "z": -1.0
        },
        {
            "x": 137.2520013268701,
            "y": 99.78989496262402,
            "z": -1.0
        },
        {
            "x": 90.04399368293414,
            "y": 127.52608322780446,
            "z": -1.0
        },
        {
            "x": 87.83808510371452,
            "y": 125.34320901617873,
            "z": -1.0
        }
    ],
    "center": {
        "x": 119.34961197037237,
        "y": 129.73967268665592,
        "z": 0.0
    },
    "radius": 25
}