{
    "W": 200,
    "H": 200,
    "depth": 1.0,
    "height": 10.0,
    "num_of_relays": 40,
    "num_of_sensors": 40,
    "relays": [
        {
            "x": 82.33876502897199,
            "y": 53.9163957503539,
            "z": 24.18397163282843
        },
        {
            "x": 54.29989031704001,
            "y": 43.494798269931145,
            "z": 10.0
        },
        {
            "x": 76.07933070275486,
            "y": 38.07076325921106,
            "z": 20.7064847410348
        },
        {
            "x": 82.84583164110633,
            "y": 62.33638357819628,
            "z": 23.438273190778293
        },
        {
            "x": 63.27329432608446,
            "y": 66.08199561834579,
            "z": 10.0
        },
        {
            "x": 64.36645377833756,
            "y": 57.14836358898512,
            "z": 10.0
        },
        {
            "x": 73.31769937466095,
            "y": 58.017002070799876,
            "z": 20.2745015881036
        },
        {
            "x": 82.63715369400124,
            "y": 50.985484907995286,
            "z": 22.22267669021751
        },
        {
            "x": 78.56966611145431,
            "y": 41.76582717872361,
            "z": 20.681708603791957
        },
        {
            "x": 58.19605323546788,
            "y": 51.697081520964595,
            "z": 10.0
        },
        {
            "x": 81.02435889463237,
            "y": 62.65640239871777,
            "z": 23.329993697900697
        },
        {
            "x": 71.61596575720088,
            "y": 53.77556149449345,
            "z": 18.243206546043297
        },
        {
            "x": 58.891567873926284,
            "y": 62.24206579897129,
            "z": 10.0
        },
        {
            "x": 76.72835606057937,
            "y": 47.747025870792555,
            "z": 20.662035932024065
        },
        {
            "x": 53.794144956521414,
            "y": 60.106797644531284,
            "z": 10.0
        },
        {
            "x": 58.43588862363871,
            "y": 67.14203958031564,
            "z": 10.0
        },
        {
            "x": 67.2755663562645,
            "y": 66.82207024717106,
            "z": 12.251913714959608
        },
        {
            "x": 66.67059765535883,
            "y": 44.633099784694316,
            "z": 17.608409005445004
        },
        {
            "x": 61.663766458472004,
            "y": 49.254276959279686,
            "z": 10.0
        },
        {
            "x": 68.51137913927604,
            "y": 30.26422231339998,
            "z": 15.403413097504783
        },
        {
            "x": 59.23910731468849,
            "y": 44.51281909362503,
            "z": 10.0
        },
        {
            "x": 80.50627862288167,
            "y": 32.7952275007475,
            "z": 23.627609447139495
        },
        {
            "x": 73.62527984181,
            "y": 76.30811637352754,
            "z": 13.203677371590262
        },
        {
            "x": 78.75914575501481,
            "y": 38.86260565505491,
            "z": 21.60316025887331
        },
        {
            "x": 75.90731374156847,
            "y": 51.70785641815241,
            "z": 19.32565688364621
        },
        {
            "x": 72.04687699093917,
            "y": 64.59169272852989,
            "z": 21.83980231289065
        },
        {
            "x": 63.93116305827273,
            "y": 56.36848138365313,
            "z": 10.0
        },
        {
            "x": 76.19971391393041,
            "y": 55.339170259576505,
            "z": 20.790391287452
        },
        {
            "x": 83.93627243888271,
            "y": 70.83930516987283,
            "z": 21.910728533183388
        },
        {
            "x": 81.09174469571008,
            "y": 34.94225967448674,
            "z": 24.41758528988846
        },
        {
            "x": 65.43168462270887,
            "y": 61.64326510338702,
            "z": 12.629224165419238
        },
        {
            "x": 84.36683375444049,
            "y": 49.78323130433213,
            "z": 23.275202710973215
        },
        {
            "x": 62.18866184537255,
            "y": 33.0499412488779,
            "z": 13.392917896971602
        },
        {
            "x": 70.7566845711412,
            "y": 46.78590328158647,
            "z": 18.20584374208906
        },
        {
            "x": 76.95587105625405,
            "y": 71.99008647658474,
            "z": 19.927057075934904
        },
        {
            "x": 63.10972666561953,
            "y": 72.58979220412643,
            "z": 10.0
        },
        {
            "x": 61.51377962259686,
            "y": 34.68222785858093,
            "z": 15.335158985470112
        },
        {
            "x": 54.273909953144916,
            "y": 45.96737156924347,
            "z": 10.0
        },
        {
            "x": 54.35491634718856,
            "y": 42.190740608594645,
            "z": 10.0
        },
        {
            "x": 67.3960431461773,
            "y": 42.43594494612548,
            "z": 14.965782110779214
        }
    ],
    "sensors": [
        {
            "x": 76.33484281141756,
            "y": 85.84486677589848,
            "z": 5.2098305452858105
        },
        {
            "x": 50.447701713864475,
            "y": 47.59106821133903,
            "z": -1.0
        },
        {
            "x": 75.32317689454034,
            "y": 85.22230348974213,
            "z": 4.307113549609841
        },
        {
            "x": 96.12063829496367,
            "y": 24.163277023123374,
            "z": 37.40652987199853
        },
        {
            "x": 42.54234734526943,
            "y": 45.47536971710491,
            "z": -1.0
        },
        {
            "x": 49.21386831904413,
            "y": 78.73453600753106,
            "z": -1.0
        },
        {
            "x": 36.07050525793984,
            "y": 41.66554594294611,
            "z": -1.0
        },
        {
            "x": 44.11996403468166,
            "y": 71.90923799627575,
            "z": -1.0
        },
        {
            "x": 93.52610557336276,
            "y": 65.57006924845187,
            "z": 39.84464324745011
        },
        {
            "x": 51.55254883729887,
            "y": 78.07588205589101,
            "z": -1.0
        },
        {
            "x": 88.95156876390091,
            "y": 89.1469066315263,
            "z": 37.24251747888492
        },
        {
            "x": 40.04087073945335,
            "y": 63.72194959121791,
            "z": -1.0
        },
        {
            "x": 50.70723400749919,
            "y": 34.248807501738355,
            "z": -1.0
        },
        {
            "x": 47.56485276767262,
            "y": 36.90500560207299,
            "z": -1.0
        },
        {
            "x": 70.35964720852084,
            "y": 88.03462119969583,
            "z": 2.1219326431669367
        },
        {
            "x": 70.24897798582866,
            "y": 26.49386668181506,
            "z": 7.313650933064407
        },
        {
            "x": 42.52718876050914,
            "y": 26.880972265246463,
            "z": -1.0
        },
        {
            "x": 37.49579863125001,
            "y": 70.56921027562962,
            "z": -1.0
        },
        {
            "x": 69.58396075731336,
            "y": 23.885112767349924,
            "z": 5.312217347041853
        },
        {
            "x": 46.507684561761465,
            "y": 72.87761517797013,
            "z": -1.0
        },
        {
            "x": 53.66760242106332,
            "y": 23.616193227993687,
            "z": -1.0
        },
        {
            "x": 72.72535326685971,
            "y": 76.1650315246342,
            "z": 2.3659510735297498
        },
        {
            "x": 64.04064862845328,
            "y": 30.637390626770046,
            "z": -0.33815011034983977
        },
        {
            "x": 37.31290656514474,
            "y": 65.43915417115926,
            "z": -1.0
        },
        {
            "x": 38.04934652190164,
            "y": 44.13911767029002,
            "z": -1.0
        },
        {
            "x": 83.08551202405164,
            "y": 25.14204042389576,
            "z": 12.37867351793118
        },
        {
            "x": 88.62037999987942,
            "y": 19.141808386259406,
            "z": 11.104875354455531
        },
        {
            "x": 68.750482274562,
            "y": 19.112341117499334,
            "z": -1.0
        },
        {
            "x": 87.42917019874132,
            "y": 78.11883105522233,
            "z": 27.595583897481458
        },
        {
            "x": 66.73343884590086,
            "y": 85.72150559360867,
            "z": -1.0
        },
        {
            "x": 47.2358500849426,
            "y": 69.7539239947106,
            "z": -1.0
        },
        {
            "x": 69.6852281239028,
            "y": 19.01763993851504,
            "z": -1.0
        },
        {
            "x": 94.62139412613502,
            "y": 27.065722675983395,
            "z": 24.20943810922123
        },
        {
            "x": 53.08250268743224,
            "y": 90.03968222281469,
            "z": -1.0
        },
        {
            "x": 50.91317647934363,
            "y": 48.91422179916158,
            "z": -1.0
        },
        {
            "x": 40.727884154141655,
            "y": 24.622622271449135,
            "z": -1.0
        },
        {
            "x": 46.12831728484068,
            "y": 22.88386076477813,
            "z": -1.0
        },
        {
            "x": 39.192481247394625,
            "y": 45.6690103523479,
            "z": -1.0
        },
        {
            "x": 86.02979512786753,
            "y": 15.426841644409283,
            "z": 8.582654708910725
        },
        {
            "x": 82.45725657716069,
            "y": 82.12660175851063,
            "z": 10.844174689402564
        }
    ],
    "center": {
        "x": 75.91794281372175,
        "y": 51.9738699233807,
        "z": 9.479023091061567
    },
    "radius": 25
}