{
    "W": 200,
    "H": 200,
    "depth": 1.0,
    "height": 10.0,
    "num_of_relays": 40,
    "num_of_sensors": 80,
    "relays": [
        {
            "x": 61.585813226835384,
            "y": 142.0689101412905,
            "z": 10.0
        },
        {
            "x": 45.64101457414651,
            "y": 152.25093286191202,
            "z": 10.0
        },
        {
            "x": 30.4392231672727,
            "y": 158.504524183334,
            "z": 10.0
        },
        {
            "x": 40.41520070311173,
            "y": 139.14943476673014,
            "z": 10.0
        },
        {
            "x": 54.24060673397333,
            "y": 151.4015763526196,
            "z": 10.0
        },
        {
            "x": 49.79911896343585,
            "y": 129.04346582995473,
            "z": 10.0
        },
        {
            "x": 40.93564193057213,
            "y": 163.6322134043421,
            "z": 10.0
        },
        {
            "x": 53.05641633432663,
            "y": 152.96047279337114,
            "z": 10.0
        },
        {
            "x": 32.60899221973585,
            "y": 136.04520753163064,
            "z": 10.0
        },
        {
            "x": 33.36535279805055,
            "y": 152.03811460077603,
            "z": 10.0
        },
        {
            "x": 39.34715096524073,
            "y": 140.0795240630535,
            "z": 10.0
        },
        {
            "x": 58.184317255045,
            "y": 144.60038463969283,
            "z": 10.0
        },
        {
            "x": 53.82217514759149,
            "y": 145.50646266741805,
            "z": 10.0
        },
        {
            "x": 51.9766635123055,
            "y": 134.42061123996476,
            "z": 10.0
        },
        {
            "x": 43.996956932168715,
            "y": 145.88145303254524,
            "z": 10.0
        },
        {
            "x": 42.774223716309436,
            "y": 148.98915728628705,
            "z": 10.0
        },
        {
            "x": 50.14466509581883,
            "y": 173.0687074837689,
            "z": 10.0
        },
        {
            "x": 44.02663901571866,
            "y": 163.0967497353463,
            "z": 10.0
        },
        {
            "x": 30.390527961822155,
            "y": 150.66553468987016,
            "z": 10.0
        },
        {
            "x": 29.028725104769748,
            "y": 157.11796100101435,
            "z": 10.0
        },
        {
            "x": 34.229143676979376,
            "y": 151.2764222049843,
            "z": 10.0
        },
        {
            "x": 51.97653438849221,
            "y": 161.63869133916444,
            "z": 10.0
        },
        {
            "x": 59.4698722925324,
            "y": 160.1809639500678,
            "z": 10.0
        },
        {
            "x": 41.40990069614148,
            "y": 160.86215708763407,
            "z": 10.0
        },
        {
            "x": 38.04952687126282,
            "y": 145.6151674748109,
            "z": 10.0
        },
        {
            "x": 47.617810366185886,
            "y": 163.29191114633963,
            "z": 10.0
        },
        {
            "x": 50.62167731918088,
            "y": 152.9333625692972,
            "z": 10.0
        },
        {
            "x": 31.82281780212657,
            "y": 158.88007573733225,
            "z": 10.0
        },
        {
            "x": 57.71076341469228,
            "y": 164.56164150482851,
            "z": 10.0
        },
        {
            "x": 37.04545636532881,
            "y": 159.4852851735135,
            "z": 10.0
        },
        {
            "x": 56.56570205768372,
            "y": 145.9042668024858,
            "z": 10.0
        },
        {
            "x": 29.092881947286298,
            "y": 158.18395448351833,
            "z": 10.0
        },
        {
            "x": 56.25945471350751,
            "y": 170.05348220145336,
            "z": 10.0
        },
        {
            "x": 48.8051404451719,
            "y": 147.6522532094084,
            "z": 10.0
        },
        {
            "x": 62.52108032302226,
            "y": 164.76218364828742,
            "z": 10.0
        },
        {
            "x": 37.20676450144565,
            "y": 160.69410376339428,
            "z": 10.0
        },
        {
            "x": 63.98942364186062,
            "y": 142.22441843466882,
            "z": 10.0
        },
        {
            "x": 45.159800995029656,
            "y": 159.34985468024084,
            "z": 10.0
        },
        {
            "x": 26.212918147028084,
            "y": 147.13569323933592,
            "z": 10.0
        },
        {
            "x": 39.07445758326475,
            "y": 159.06094358147925,
            "z": 10.0
        }
    ],
    "sensors": [
        {
            "x": 64.55703104366648,
            "y": 132.8665187775018,
            "z": -1.0
        },
        {
            "x": 59.82284417216886,
            "y": 172.89504818266468,
            "z": -1.0
        },
        {
            "x": 24.540830211890906,
            "y": 133.41394245961922,
            "z": -1.0
        },
        {
            "x": 5.324505794494971,
            "y": 140.89191631330198,
            "z": -1.0
        },
        {
            "x": 51.5892874425351,
            "y": 183.28622420242903,
            "z": -1.0
        },
        {
            "x": 76.80902755854922,
            "y": 168.099915676972,
            "z": -1.0
        },
        {
            "x": 69.7917552421423,
            "y": 134.07352241528503,
            "z": -1.0
        },
        {
            "x": 9.785194441675294,
            "y": 155.19545161233563,
            "z": -1.0
        },
        {
            "x": 19.03889771134557,
            "y": 118.50169272226378,
            "z": -1.0
        },
        {
            "x": 42.01862552179614,
            "y": 182.26426028328535,
            "z": -1.0
        },
        {
            "x": 25.80502845561781,
            "y": 120.32247778362286,
            "z": -1.0
        },
        {
            "x": 26.182629712793304,
            "y": 133.05793139678846,
            "z": -1.0
        },
        {
            "x": 22.248654973884886,
            "y": 134.31883765509536,
            "z": -1.0
        },
        {
            "x": 58.17341381984353,
            "y": 186.12824660120862,
            "z": -1.0
        },
        {
            "x": 6.87308187253679,
            "y": 154.25453936420033,
            "z": -1.0
        },
        {
            "x": 61.555482825088625,
            "y": 121.75992021142861,
            "z": -1.0
        },
        {
            "x": 45.41742692705437,
            "y": 113.97258228387244,
            "z": -1.0
        },
        {
            "x": 18.255422576555922,
            "y": 176.96925577242655,
            "z": -1.0
        },
        {
            "x": 59.9093031626831,
            "y": 109.39136478672691,
            "z": -1.0
        },
        {
            "x": 83.54131051674662,
            "y": 131.45744365939711,
            "z": -1.0
        },
        {
            "x": 52.77976660599324,
            "y": 192.5837902894784,
            "z": -1.0
        },
        {
            "x": 47.87917696809751,
            "y": 183.0204609435621,
            "z": -1.0
        },
        {
            "x": 57.23929962409502,
            "y": 121.1278990443438,
            "z": -1.0
        },
        {
            "x": 75.00907386493843,
            "y": 173.66848528993094,
            "z": -1.0
        },
        {
            "x": 13.00348023906559,
            "y": 130.01469364160164,
            "z": -1.0
        },
        {
            "x": 56.55889338033919,
            "y": 111.2364538513537,
            "z": -1.0
        },
        {
            "x": 20.675519749888103,
            "y": 168.41841473972408,
            "z": -1.0
        },
        {
            "x": 38.41618980576711,
            "y": 191.7278899396941,
            "z": -1.0
        },
        {
            "x": 63.78618348211993,
            "y": 128.10124491456853,
            "z": -1.0
        },
        {
            "x": 32.06812261686511,
            "y": 180.34281038654365,
            "z": -1.0
        },
        {
            "x": 20.656718442335276,
            "y": 128.6204475160584,
            "z": -1.0
        },
        {
            "x": 64.45980299846465,
            "y": 124.30914817620445,
            "z": -1.0
        },
        {
            "x": 41.08591308924885,
            "y": 115.4325707298139,
            "z": -1.0
        },
        {
            "x": 72.31462528475619,
            "y": 132.51502900671167,
            "z": -1.0
        },
        {
            "x": 63.01908683542883,
            "y": 128.70819407960838,
            "z": -1.0
        },
        {
            "x": 75.47958175165235,
            "y": 145.38920631685107,
            "z": -1.0
        },
        {
            "x": 32.63321597560114,
            "y": 181.08306112157692,
            "z": -1.0
        },
        {
            "x": 49.1779146352735,
            "y": 110.92742817403057,
            "z": -1.0
        },
        {
            "x": 52.67758969888523,
            "y": 187.48486255235483,
            "z": -1.0
        },
        {
            "x": 45.49623205235305,
            "y": 182.68942374324524,
            "z": -1.0
        },
        {
            "x": 101.33070004333851,
            "y": 131.29977974757105,
            "z": -1.0
        },
        {
            "x": 11.805174221525295,
            "y": 178.8610552693127,
            "z": -1.0
        },
        {
            "x": 112.06649692931853,
            "y": 118.13048834180016,
            "z": -1.0
        },
        {
            "x": 28.16558413852981,
            "y": 94.76692408042967,
            "z": -1.0
        },
        {
            "x": 80.78886570097707,
            "y": 184.10020173781328,
            "z": -1.0
        },
        {
            "x": 75.6885249836384,
            "y": 191.58876245496182,
            "z": -1.0
        },
        {
            "x": 22.25163833865791,
            "y": 198.22318502745065,
            "z": -1.0
        },
        {
            "x": 31.052883943420184,
            "y": 105.34377521333602,
            "z": -1.0
        },
        {
            "x": 84.65694309332936,
            "y": 131.85615731377993,
            "z": -1.0
        },
        {
            "x": 116.33529032262231,
            "y": 140.9963229075237,
            "z": -1.0
        },
        {
            "x": 31.316996014832753,
            "y": 199.40451101611706,
            "z": -1.0
        },
        {
            "x": 95.39760988398676,
            "y": 151.8178285933609,
            "z": -1.0
        },
        {
            "x": 95.34807979226127,
            "y": 117.417557939631,
            "z": -1.0
        },
        {
            "x": 97.17734386898056,
            "y": 108.81048195496507,
            "z": -1.0
        },
        {
            "x": 2.1804227023559886,
            "y": 169.93953854540817,
            "z": -1.0
        },
        {
            "x": 31.358583710785794,
            "y": 193.7585604125869,
            "z": -1.0
        },
        {
            "x": 97.78979488743893,
            "y": 188.40527014879072,
            "z": -1.0
        },
        {
            "x": 17.838454711942873,
            "y": 189.18408616599635,
            "z": -1.0
        },
        {
            "x": 114.38516714125424,
            "y": 194.67913185374275,
            "z": -1.0
        },
        {
            "x": 77.31482136073808,
            "y": 95.74148604313429,
            "z": -1.0
        },
        {
            "x": 110.85729552659365,
            "y": 124.44401769833394,
            "z": -1.0
        },
        {
            "x": 97.2477826013495,
            "y": 93.05503015257234,
            "z": -1.0
        },
        {
            "x": 102.53304264014768,
            "y": 145.91132283936125,
            "z": -1.0
        },
        {
            "x": 14.77740821034741,
            "y": 110.97847445009164,
            "z": -1.0
        },
        {
            "x": 126.11241500003081,
            "y": 161.3021540771087,
            "z": -1.0
        },
        {
            "x": 31.900166844565625,
            "y": 81.3258156367292,
            "z": -1.0
        },
        {
            "x": 15.290280604234407,
            "y": 113.6139187563584,
            "z": -1.0
        },
        {
            "x": 65.26177441653454,
            "y": 74.2987388924652,
            "z": -1.0
        },
        {
            "x": 97.33910204870533,
            "y": 126.59329917672004,
            "z": -1.0
        },
        {
            "x": 77.71095370726546,
            "y": 191.03230705568396,
            "z": -1.0
        },
        {
            "x": 126.83338951897012,
            "y": 154.18542919076813,
            "z": -1.0
        },
        {
            "x": 17.696712072156906,
            "y": 93.22842859554574,
            "z": -1.0
        },
        {
            "x": 98.86720718103004,
            "y": 107.1040302093603,
            "z": -1.0
        },
        {
            "x": 97.5333091703024,
            "y": 94.6912441904977,
            "z": -1.0
        },
        {
            "x": 56.96098731814576,
            "y": 68.52628102465282,
            "z": -1.0
        },
        {
            "x": 4.217278242387268,
            "y": 164.0185752815915,
            "z": -1.0
        },
        {
            "x": 48.99464637255828,
            "y": 72.2308812331119,
            "z": -1.0
        },
        {
            "x": 39.39937988132953,
            "y": 73.05977506680014,
            "z": -1.0
        },
        {
            "x": 4.623282653721761,
            "y": 175.2748415145859,
            "z": -1.0
        },
        {
            "x": 0.8897199843907133,
            "y": 163.33592341378588,
            "z": -1.0
        }
    ],
    "center": {
        "x": 44.71817140043916,
        "y": 151.2716349474851,
        "z": 0.0
    },
    "radius": 25
}