{
    "W": 200,
    "H": 200,
    "depth": 1.0,
    "height": 10.0,
    "num_of_relays": 40,
    "num_of_sensors": 80,
    "relays": [
        {
            "x": 48.565384195762995,
            "y": 98.63896844939654,
            "z": 10.0
        },
        {
            "x": 84.62106299285188,
            "y": 50.99609353889658,
            "z": 10.0
        },
        {
            "x": 33.65297654053248,
            "y": 91.97924692663868,
            "z": 10.0
        },
        {
            "x": 65.50493231216481,
            "y": 111.21660831587572,
            "z": 10.0
        },
        {
            "x": 19.989552491983375,
            "y": 56.13417074468068,
            "z": 10.0
        },
        {
            "x": 53.749490203912906,
            "y": 71.74276394530243,
            "z": 10.0
        },
        {
            "x": 57.80836091897052,
            "y": 89.28557876040774,
            "z": 10.0
        },
        {
            "x": 55.75897373140175,
            "y": 113.21225281174377,
            "z": 10.0
        },
        {
            "x": 85.2583222664595,
            "y": 75.57488034644113,
            "z": 10.0
        },
        {
            "x": 79.85989523468993,
            "y": 121.03559164502637,
            "z": 10.0
        },
        {
            "x": 102.21185151688465,
            "y": 72.65741983183204,
            "z": 10.0
        },
        {
            "x": 15.491048264644181,
            "y": 87.44417534885918,
            "z": 10.0
        },
        {
            "x": 94.01180057479024,
            "y": 96.31294479289849,
            "z": 10.0
        },
        {
            "x": 93.09684863653429,
            "y": 102.1898883227465,
            "z": 10.0
        },
        {
            "x": 45.0944087025523,
            "y": 86.83340022678574,
            "z": 10.0
        },
        {
            "x": 51.0992935772014,
            "y": 74.08461283507735,
            "z": 10.0
        },
        {
            "x": 90.82750335851631,
            "y": 47.36578305141983,
            "z": 10.0
        },
        {
            "x": 63.21394143344583,
            "y": 122.49803357735681,
            "z": 10.0
        },
        {
            "x": 54.496047752458225,
            "y": 82.27795665271984,
            "z": 10.0
        },
        {
            "x": 97.8281923434913,
            "y": 91.03445591509328,
            "z": 10.0
        },
        {
            "x": 58.437240821268844,
            "y": 43.48690970946563,
            "z": 10.0
        },
        {
            "x": 59.42636005205597,
            "y": 55.18873550875287,
            "z": 10.0
        },
        {
            "x": 44.66893970152759,
            "y": 100.13178018172167,
            "z": 10.0
        },
        {
            "x": 73.53429553873718,
            "y": 121.0475647332091,
            "z": 10.0
        },
        {
            "x": 55.048300074632664,
            "y": 39.757520500533275,
            "z": 10.0
        },
        {
            "x": 75.01598460384456,
            "y": 93.94218659602554,
            "z": 10.0
        },
        {
            "x": 70.95275859275574,
            "y": 81.21631596585543,
            "z": 10.0
        },
        {
            "x": 76.63690173461228,
            "y": 74.99879125932603,
            "z": 10.0
        },
        {
            "x": 67.91159872999573,
            "y": 124.81364182657369,
            "z": 10.0
        },
        {
            "x": 50.75195675744231,
            "y": 55.360389765541896,
            "z": 10.0
        },
        {
            "x": 88.3371962606881,
            "y": 71.99025463857443,
            "z": 10.0
        },
        {
            "x": 60.21601188816732,
            "y": 56.05507037758892,
            "z": 10.0
        },
        {
            "x": 16.110665722607887,
            "y": 66.22604794650877,
            "z": 10.0
        },
        {
            "x": 28.944346556256818,
            "y": 95.95500906790274,
            "z": 10.0
        },
        {
            "x": 88.99835255829365,
            "y": 118.22468437992994,
            "z": 10.0
        },
        {
            "x": 47.54414167361733,
            "y": 52.565684973066396,
            "z": 10.0
        },
        {
            "x": 58.27077806938716,
            "y": 95.17474230887393,
            "z": 10.0
        },
        {
            "x": 104.13819465861674,
            "y": 60.72802059661313,
            "z": 10.0
        },
        {
            "x": 19.47601345025327,
            "y": 67.45655283968152,
            "z": 10.0
        },
        {
            "x": 95.51310349314575,
            "y": 61.34575115039145,
            "z": 10.0
        }
    ],
    "sensors": [
        {
            "x": 6.965594078138793,
            "y": 135.67648505033324,
            "z": -1.0
        },
        {
            "x": 131.76152455200736,
            "y": 69.10923658190949,
            "z": -1.0
        },
        {
            "x": 33.866852991197696,
            "y": 134.0639095728237,
            "z": -1.0
        },
        {
            "x": 149.03257268647786,
            "y": 49.29779278391837,
            "z": -1.0
        },
        {
            "x": 65.06930594974003,
            "y": 28.90899342537918,
            "z": -1.0
        },
        {
            "x": 145.94876777804595,
            "y": 69.86496510930336,
            "z": -1.0
        },
        {
            "x": 123.63757837144287,
            "y": 66.02668908168248,
            "z": -1.0
        },
        {
            "x": 150.20469339173107,
            "y": 80.4607341037662,
            "z": -1.0
        },
        {
            "x": 90.48443182982862,
            "y": 1.0373588621592544,
            "z": -1.0
        },
        {
            "x": 102.74723764892015,
            "y": 159.21353045967558,
            "z": -1.0
        },
        {
            "x": 24.864881832476616,
            "y": 17.389582765358714,
            "z": -1.0
        },
        {
            "x": 116.16393654810648,
            "y": 27.843495487566727,
            "z": -1.0
        },
        {
            "x": 116.01029072604008,
            "y": 8.14367001060945,
            "z": -1.0
        },
        {
            "x": 88.14429352944731,
            "y": 125.96867855476755,
            "z": -1.0
        },
        {
            "x": 123.62129304298128,
            "y": 97.48173484208537,
            "z": -1.0
        },
        {
            "x": 94.54177516307843,
            "y": 23.43866379025952,
            "z": -1.0
        },
        {
            "x": 99.55316845740477,
            "y": 39.65491496419964,
            "z": -1.0
        },
        {
            "x": 107.96093778789557,
            "y": 15.494526887590144,
            "z": -1.0
        },
        {
            "x": 48.91314511416181,
            "y": 138.60448097092927,
            "z": -1.0
        },
        {
            "x": 34.45956972254547,
            "y": 24.613087897175667,
            "z": -1.0
        },
        {
            "x": 11.389016095221628,
            "y": 99.58632190939187,
            "z": -1.0
        },
        {
            "x": 26.36160939642691,
            "y": 26.030832987083663,
            "z": -1.0
        },
        {
            "x": 97.06595444516056,
            "y": 18.305383303276336,
            "z": -1.0
        },
        {
            "x": 16.07011179846298,
            "y": 28.106861629077805,
            "z": -1.0
        },
        {
            "x": 10.386006390806003,
            "y": 116.60400637190303,
            "z": -1.0
        },
        {
            "x": 21.341760309833568,
            "y": 26.916260547120263,
            "z": -1.0
        },
        {
            "x": 24.13912571584307,
            "y": 24.892475640525504,
            "z": -1.0
        },
        {
            "x": 12.050810728515483,
            "y": 117.59802210815542,
            "z": -1.0
        },
        {
            "x": 73.6610496987315,
            "y": 13.104811157510078,
            "z": -1.0
        },
        {
            "x": 80.6102979359727,
            "y": 4.521693090213552,
            "z": -1.0
        },
        {
            "x": 0.01589789467308922,
            "y": 96.02996276584972,
            "z": -1.0
        },
        {
            "x": 37.464035770853286,
            "y": 13.581572429663936,
            "z": -1.0
        },
        {
            "x": 128.84618734724077,
            "y": 111.80814858806252,
            "z": -1.0
        },
        {
            "x": 68.23745363948032,
            "y": 141.334208011786,
            "z": -1.0
        },
        {
            "x": 86.30890210286717,
            "y": 169.01908822596698,
            "z": -1.0
        },
        {
            "x": 113.588894628648,
            "y": 65.0907943876573,
            "z": -1.0
        },
        {
            "x": 8.027505746370856,
            "y": 35.29519250847799,
            "z": -1.0
        },
        {
            "x": 43.54081634536706,
            "y": 23.357810747715103,
            "z": -1.0
        },
        {
            "x": 1.8934348829755532,
            "y": 47.04926318122165,
            "z": -1.0
        },
        {
            "x": 118.37015065555288,
            "y": 102.72044555690698,
            "z": -1.0
        },
        {
            "x": 22.02269123508036,
            "y": 163.88958849427837,
            "z": -1.0
        },
        {
            "x": 20.544560184385773,
            "y": 180.0250957904775,
            "z": -1.0
        },
        {
            "x": 156.32091262770288,
            "y": 112.96157821224944,
            "z": -1.0
        },
        {
            "x": 41.564294026764,
            "y": 198.22959215779804,
            "z": -1.0
        },
        {
            "x": 143.7255891673524,
            "y": 180.31191427143787,
            "z": -1.0
        },
        {
            "x": 102.8052445507731,
            "y": 188.2018304579391,
            "z": -1.0
        },
        {
            "x": 151.1944158751347,
            "y": 132.03413963418663,
            "z": -1.0
        },
        {
            "x": 158.45189165145445,
            "y": 99.30909055657308,
            "z": -1.0
        },
        {
            "x": 171.80197250101256,
            "y": 49.2210891532408,
            "z": -1.0
        },
        {
            "x": 126.28766282391067,
            "y": 197.7771506625325,
            "z": -1.0
        },
        {
            "x": 134.42073426407708,
            "y": 199.80300466270856,
            "z": -1.0
        },
        {
            "x": 3.585969290212998,
            "y": 181.76540747333914,
            "z": -1.0
        },
        {
            "x": 177.64731635245437,
            "y": 26.788730218410862,
            "z": -1.0
        },
        {
            "x": 185.35010054241093,
            "y": 7.858311434997911,
            "z": -1.0
        },
        {
            "x": 187.8327870447315,
            "y": 11.985503389050711,
            "z": -1.0
        },
        {
            "x": 51.30925298956181,
            "y": 189.00073814928643,
            "z": -1.0
        },
        {
            "x": 93.3589756937263,
            "y": 171.8397957502917,
            "z": -1.0
        },
        {
            "x": 31.360575781269162,
            "y": 187.03530996607145,
            "z": -1.0
        },
        {
            "x": 189.12881526354198,
            "y": 158.7375514974575,
            "z": -1.0
        },
        {
            "x": 147.33319336926226,
            "y": 187.43581790978308,
            "z": -1.0
        },
        {
            "x": 30.75225800245689,
            "y": 192.64490799902242,
            "z": -1.0
        },
        {
            "x": 29.3093399479994,
            "y": 194.05487566609386,
            "z": -1.0
        },
        {
            "x": 176.25591702514936,
            "y": 176.27875992672892,
            "z": -1.0
        },
        {
            "x": 118.36367135020352,
            "y": 185.91308418538694,
            "z": -1.0
        },
        {
            "x": 24.445465894687125,
            "y": 161.37971906747126,
            "z": -1.0
        },
        {
            "x": 175.94263041077488,
            "y": 104.30471632325249,
            "z": -1.0
        },
        {
            "x": 129.54463115998232,
            "y": 17.399282996361663,
            "z": -1.0
        },
        {
            "x": 169.41463949978854,
            "y": 198.54423744515347,
            "z": -1.0
        },
        {
            "x": 178.515770974292,
            "y": 151.643448926252,
            "z": -1.0
        },
        {
            "x": 183.27983536654244,
            "y": 83.57873739966544,
            "z": -1.0
        },
        {
            "x": 39.02384750477865,
            "y": 167.5536180199017,
            "z": -1.0
        },
        {
            "x": 160.80727946073355,
            "y": 12.051692181094186,
            "z": -1.0
        },
        {
            "x": 132.14491489726228,
            "y": 194.11583072365696,
            "z": -1.0
        },
        {
            "x": 161.84816561930742,
            "y": 5.771426874012153,
            "z": -1.0
        },
        {
            "x": 179.72145433827515,
            "y": 38.00075424800755,
            "z": -1.0
        },
        {
            "x": 198.8565008692628,
            "y": 125.003989115662,
            "z": -1.0
        },
        {
            "x": 178.18529154120873,
            "y": 58.345068310145855,
            "z": -1.0
        },
        {
            "x": 55.619523490382505,
            "y": 175.5317015381547,
            "z": -1.0
        },
        {
            "x": 155.93061520551677,
            "y": 197.6647827486033,
            "z": -1.0
        },
        {
            "x": 12.22909417196416,
            "y": 191.47962578759234,
            "z": -1.0
        }
    ],
    "center": {
        "x": 62.04649231812822,
        "y": 80.60234650116142,
        "z": 0.0
    },
    "radius": 50
}