{
    "W": 500,
    "H": 500,
    "depth": 1.0,
    "height": 10.0,
    "num_of_relays": 100,
    "num_of_sensors": 100,
    "relays": [
        {
            "x": 203.20389627467898,
            "y": 122.78147461112478,
            "z": 10.0
        },
        {
            "x": 206.19431224566983,
            "y": 125.78866437524714,
            "z": 10.0
        },
        {
            "x": 202.89229649179185,
            "y": 143.43818515954095,
            "z": 10.0
        },
        {
            "x": 213.3532564688565,
            "y": 121.5847355225538,
            "z": 10.0
        },
        {
            "x": 219.95316107908053,
            "y": 112.15102367754552,
            "z": 10.0
        },
        {
            "x": 211.46798372850213,
            "y": 112.14101763184028,
            "z": 10.0
        },
        {
            "x": 190.49207186516736,
            "y": 126.77324634575912,
            "z": 10.0
        },
        {
            "x": 204.85355047691922,
            "y": 118.97685014314474,
            "z": 10.0
        },
        {
            "x": 200.5289648900038,
            "y": 118.88128978351786,
            "z": 10.0
        },
        {
            "x": 224.6107859591673,
            "y": 121.9627068759335,
            "z": 10.0
        },
        {
            "x": 203.8448599420073,
            "y": 103.62099542186088,
            "z": 10.0
        },
        {
            "x": 194.12067160137218,
            "y": 118.40135694985338,
            "z": 10.0
        },
        {
            "x": 209.84420052074105,
            "y": 130.500171884912,
            "z": 10.0
        },
        {
            "x": 209.3247726755763,
            "y": 107.21146608534066,
            "z": 10.0
        },
        {
            "x": 201.7077338926522,
            "y": 140.4253872811509,
            "z": 10.0
        },
        {
            "x": 204.73736802986213,
            "y": 120.60344912114417,
            "z": 10.0
        },
        {
            "x": 211.5214971224491,
            "y": 132.26744646182408,
            "z": 10.0
        },
        {
            "x": 200.5238710823,
            "y": 129.12516527716824,
            "z": 10.0
        },
        {
            "x": 210.05476099369375,
            "y": 111.33329245808724,
            "z": 10.0
        },
        {
            "x": 220.44299616013345,
            "y": 140.05708324703195,
            "z": 10.0
        },
        {
            "x": 214.08219542473688,
            "y": 122.62241792904379,
            "z": 10.0
        },
        {
            "x": 207.7434531266884,
            "y": 109.48228936126198,
            "z": 10.0
        },
        {
            "x": 183.2581562265585,
            "y": 124.70072373910789,
            "z": 10.0
        },
        {
            "x": 191.04919440685367,
            "y": 131.87679906134912,
            "z": 10.0
        },
        {
            "x": 210.6097109926634,
            "y": 137.20271828445567,
            "z": 10.0
        },
        {
            "x": 205.17872540237127,
            "y": 142.1611156184693,
            "z": 10.0
        },
        {
            "x": 192.27080080098702,
            "y": 108.12746048408849,
            "z": 10.0
        },
        {
            "x": 189.11132482755932,
            "y": 115.76327109952535,
            "z": 10.0
        },
        {
            "x": 208.59779848834955,
            "y": 108.64973180090112,
            "z": 10.0
        },
        {
            "x": 199.35647533088152,
            "y": 141.7239581252305,
            "z": 10.0
        },
        {
            "x": 184.7750818528696,
            "y": 122.85119987025277,
            "z": 10.0
        },
        {
            "x": 213.63579087922454,
            "y": 111.37810998938846,
            "z": 10.0
        },
        {
            "x": 201.63748225858038,
            "y": 130.24527522341072,
            "z": 10.0
        },
        {
            "x": 212.90516150941957,
            "y": 131.57491708319202,
            "z": 10.0
        },
        {
            "x": 180.8064342472709,
            "y": 129.56067995057373,
            "z": 10.0
        },
        {
            "x": 219.57395301883315,
            "y": 111.37548527503218,
            "z": 10.0
        },
        {
            "x": 216.2744545600413,
            "y": 117.2509638416708,
            "z": 10.0
        },
        {
            "x": 222.03957719029637,
            "y": 129.54153925793327,
            "z": 10.0
        },
        {
            "x": 216.61578459246306,
            "y": 126.9837231896166,
            "z": 10.0
        },
        {
            "x": 193.3777837751827,
            "y": 117.66894150075026,
            "z": 10.0
        },
        {
            "x": 208.7104780006116,
            "y": 144.76273161115867,
            "z": 10.0
        },
        {
            "x": 210.14683879206055,
            "y": 112.09682253357396,
            "z": 10.0
        },
        {
            "x": 211.95548531175626,
            "y": 115.87314106126223,
            "z": 10.0
        },
        {
            "x": 212.8436038222742,
            "y": 124.28267300719077,
            "z": 10.0
        },
        {
            "x": 216.45169824018188,
            "y": 119.70497257791673,
            "z": 10.0
        },
        {
            "x": 197.78334492557218,
            "y": 145.83253304359988,
            "z": 10.0
        },
        {
            "x": 198.7355785178151,
            "y": 120.09965176208225,
            "z": 10.0
        },
        {
            "x": 187.34739870758915,
            "y": 114.97386487658336,
            "z": 10.0
        },
        {
            "x": 200.13405684695806,
            "y": 106.70419481469048,
            "z": 10.0
        },
        {
            "x": 207.9273685529368,
            "y": 134.424868206265,
            "z": 10.0
        },
        {
            "x": 190.47812175685118,
            "y": 119.68024010178608,
            "z": 10.0
        },
        {
            "x": 189.61635077779476,
            "y": 109.76620464745129,
            "z": 10.0
        },
        {
            "x": 201.69954031430046,
            "y": 145.1514219284852,
            "z": 10.0
        },
        {
            "x": 219.26056015004878,
            "y": 124.54628148461697,
            "z": 10.0
        },
        {
            "x": 214.24105853045603,
            "y": 144.8214755375922,
            "z": 10.0
        },
        {
            "x": 208.77198478418472,
            "y": 138.39810351026324,
            "z": 10.0
        },
        {
            "x": 190.3951243726118,
            "y": 134.9102775316317,
            "z": 10.0
        },
        {
            "x": 211.6697117050613,
            "y": 116.91711557217782,
            "z": 10.0
        },
        {
            "x": 207.00214272732086,
            "y": 124.39488541988491,
            "z": 10.0
        },
        {
            "x": 216.34918769624636,
            "y": 137.93120695292535,
            "z": 10.0
        },
        {
            "x": 211.93218808888523,
            "y": 118.82235312354734,
            "z": 10.0
        },
        {
            "x": 215.08789102117166,
            "y": 127.35807493742467,
            "z": 10.0
        },
        {
            "x": 219.19642112423406,
            "y": 125.47589923767573,
            "z": 10.0
        },
        {
            "x": 215.6896757755187,
            "y": 117.33700015330268,
            "z": 10.0
        },
        {
            "x": 221.06780357813403,
            "y": 135.43401985314088,
            "z": 10.0
        },
        {
            "x": 192.54956718208106,
            "y": 125.15562254141062,
            "z": 10.0
        },
        {
            "x": 199.60944067454858,
            "y": 145.64935003433823,
            "z": 10.0
        },
        {
            "x": 196.17715405216057,
            "y": 132.8442671009483,
            "z": 10.0
        },
        {
            "x": 199.09169060667523,
            "y": 127.8879450562085,
            "z": 10.0
        },
        {
            "x": 188.50009235209075,
            "y": 127.27933466356987,
            "z": 10.0
        },
        {
            "x": 211.33824183808656,
            "y": 138.4334417055558,
            "z": 10.0
        },
        {
            "x": 196.2246201420441,
            "y": 143.11824205904094,
            "z": 10.0
        },
        {
            "x": 204.06674398094955,
            "y": 107.2790755425347,
            "z": 10.0
        },
        {
            "x": 186.76729465422133,
            "y": 116.72774635604553,
            "z": 10.0
        },
        {
            "x": 185.7042483106856,
            "y": 126.68499088873682,
            "z": 10.0
        },
        {
            "x": 179.6814171675725,
            "y": 125.6046683293554,
            "z": 10.0
        },
        {
            "x": 187.5899805772851,
            "y": 120.59595863857453,
            "z": 10.0
        },
        {
            "x": 197.49686528762288,
            "y": 116.39293098858411,
            "z": 10.0
        },
        {
            "x": 198.19773721805066,
            "y": 141.71193159566195,
            "z": 10.0
        },
        {
            "x": 189.22432935225612,
            "y": 142.04054424696696,
            "z": 10.0
        },
        {
            "x": 187.02942567101508,
            "y": 116.4831482266109,
            "z": 10.0
        },
        {
            "x": 199.6202929384362,
            "y": 140.9851325082106,
            "z": 10.0
        },
        {
            "x": 185.68094282032104,
            "y": 132.83640969389475,
            "z": 10.0
        },
        {
            "x": 198.53923782822193,
            "y": 128.8162404290773,
            "z": 10.0
        },
        {
            "x": 204.64286633007808,
            "y": 104.11582919899588,
            "z": 10.0
        },
        {
            "x": 206.1972941785445,
            "y": 121.60226474355201,
            "z": 10.0
        },
        {
            "x": 208.6646066863485,
            "y": 130.7961903186135,
            "z": 10.0
        },
        {
            "x": 202.68583435176873,
            "y": 144.25941469353964,
            "z": 10.0
        },
        {
            "x": 195.71161693597142,
            "y": 134.67934830445037,
            "z": 10.0
        },
        {
            "x": 191.14128329418392,
            "y": 130.16341550386582,
            "z": 10.0
        },
        {
            "x": 199.9936613999892,
            "y": 127.22676321401946,
            "z": 10.0
        },
        {
            "x": 194.73513050562872,
            "y": 118.64296447030385,
            "z": 10.0
        },
        {
            "x": 186.45498891747314,
            "y": 131.864735798171,
            "z": 10.0
        },
        {
            "x": 221.04889517748802,
            "y": 113.33553415439965,
            "z": 10.0
        },
        {
            "x": 204.46151342779314,
            "y": 118.40917951448664,
            "z": 10.0
        },
        {
            "x": 199.06298625317018,
            "y": 116.61019581276503,
            "z": 10.0
        },
        {
            "x": 189.68491171068118,
            "y": 109.89493622496252,
            "z": 10.0
        },
        {
            "x": 192.0448688738127,
            "y": 113.51346432470022,
            "z": 10.0
        },
        {
            "x": 216.3818114460602,
            "y": 130.52767773863235,
            "z": 10.0
        },
        {
            "x": 197.3495304455134,
            "y": 113.25630727416122,
            "z": 10.0
        }
    ],
    "sensors": [
        {
            "x": 231.24933239311608,
            "y": 112.24729843735074,
            "z": -1.0
        },
        {
            "x": 230.72209567565068,
            "y": 138.18783765469897,
            "z": -1.0
        },
        {
            "x": 234.036277758722,
            "y": 152.2019296473105,
            "z": -1.0
        },
        {
            "x": 229.62656307976061,
            "y": 142.55612998560744,
            "z": -1.0
        },
        {
            "x": 201.5036505801988,
            "y": 83.60717560126766,
            "z": -1.0
        },
        {
            "x": 190.06008296702396,
            "y": 96.71481317056443,
            "z": -1.0
        },
        {
            "x": 185.07157161607716,
            "y": 90.84206941790737,
            "z": -1.0
        },
        {
            "x": 235.8681871508881,
            "y": 143.19277237433474,
            "z": -1.0
        },
        {
            "x": 183.23406541405654,
            "y": 153.948256000931,
            "z": -1.0
        },
        {
            "x": 245.0712497840152,
            "y": 128.1725676809713,
            "z": -1.0
        },
        {
            "x": 175.96627848976,
            "y": 147.25617724589912,
            "z": -1.0
        },
        {
            "x": 168.15976848289117,
            "y": 103.7867984331875,
            "z": -1.0
        },
        {
            "x": 176.60756995744592,
            "y": 130.4391949484563,
            "z": -1.0
        },
        {
            "x": 165.00770403097937,
            "y": 111.15705625252107,
            "z": -1.0
        },
        {
            "x": 209.02387618998006,
            "y": 85.3699479926955,
            "z": -1.0
        },
        {
            "x": 194.53528546576115,
            "y": 164.71114876164367,
            "z": -1.0
        },
        {
            "x": 216.38035236802534,
            "y": 152.780236761133,
            "z": -1.0
        },
        {
            "x": 170.87741222164175,
            "y": 114.6334739182623,
            "z": -1.0
        },
        {
            "x": 239.93088923749752,
            "y": 103.60475297888684,
            "z": -1.0
        },
        {
            "x": 182.55080354058376,
            "y": 147.3604809074878,
            "z": -1.0
        },
        {
            "x": 167.55270805504153,
            "y": 136.62889885184688,
            "z": -1.0
        },
        {
            "x": 170.09491981065733,
            "y": 117.94986135875902,
            "z": -1.0
        },
        {
            "x": 237.41979157866012,
            "y": 101.09497570368794,
            "z": -1.0
        },
        {
            "x": 219.28277202271207,
            "y": 159.7606533442102,
            "z": -1.0
        },
        {
            "x": 174.1294301468737,
            "y": 114.9950058294177,
            "z": -1.0
        },
        {
            "x": 176.67581263278572,
            "y": 108.38155530856552,
            "z": -1.0
        },
        {
            "x": 167.9212770900193,
            "y": 107.43314686289659,
            "z": -1.0
        },
        {
            "x": 200.9794191034286,
            "y": 100.73625852528983,
            "z": -1.0
        },
        {
            "x": 232.626070660822,
            "y": 128.0059047050035,
            "z": -1.0
        },
        {
            "x": 179.59402697880523,
            "y": 159.5152837039127,
            "z": -1.0
        },
        {
            "x": 177.10516874585235,
            "y": 118.06758957934979,
            "z": -1.0
        },
        {
            "x": 221.01127423182726,
            "y": 94.07073269431233,
            "z": -1.0
        },
        {
            "x": 175.79203336730558,
            "y": 109.98399077621704,
            "z": -1.0
        },
        {
            "x": 171.0814899346559,
            "y": 126.13731895076123,
            "z": -1.0
        },
        {
            "x": 175.4347426116623,
            "y": 137.14651961475855,
            "z": -1.0
        },
        {
            "x": 192.90528684484417,
            "y": 94.4530735166923,
            "z": -1.0
        },
        {
            "x": 234.43176622251772,
            "y": 110.24350462574697,
            "z": -1.0
        },
        {
            "x": 232.30443892543136,
            "y": 158.7826078631271,
            "z": -1.0
        },
        {
            "x": 229.23621985366626,
            "y": 140.05955063188168,
            "z": -1.0
        },
        {
            "x": 177.1574798559752,
            "y": 129.7683836338428,
            "z": -1.0
        },
        {
            "x": 197.6317138499657,
            "y": 151.45258812371537,
            "z": -1.0
        },
        {
            "x": 211.22524993669714,
            "y": 158.98886280090363,
            "z": -1.0
        },
        {
            "x": 163.65323504177894,
            "y": 134.87454502555067,
            "z": -1.0
        },
        {
            "x": 202.67378990128404,
            "y": 93.00729198769471,
            "z": -1.0
        },
        {
            "x": 227.19839924842495,
            "y": 132.24548413198886,
            "z": -1.0
        },
        {
            "x": 159.76098849512778,
            "y": 125.74013161953276,
            "z": -1.0
        },
        {
            "x": 227.30268537349576,
            "y": 141.06768093970703,
            "z": -1.0
        },
        {
            "x": 237.30936280781762,
            "y": 112.70347171773858,
            "z": -1.0
        },
        {
            "x": 161.71577809949108,
            "y": 128.51401443032515,
            "z": -1.0
        },
        {
            "x": 227.65388935464006,
            "y": 131.63644009514329,
            "z": -1.0
        },
        {
            "x": 217.46355609425981,
            "y": 89.84387301390868,
            "z": -1.0
        },
        {
            "x": 225.0679767256842,
            "y": 97.06207483131789,
            "z": -1.0
        },
        {
            "x": 178.20917403276795,
            "y": 105.71720121773299,
            "z": -1.0
        },
        {
            "x": 223.20260929169098,
            "y": 103.14069515629839,
            "z": -1.0
        },
        {
            "x": 223.88247871129678,
            "y": 139.55717875950577,
            "z": -1.0
        },
        {
            "x": 191.68243347335388,
            "y": 84.84587565289496,
            "z": -1.0
        },
        {
            "x": 226.9219051914025,
            "y": 103.05077165958703,
            "z": -1.0
        },
        {
            "x": 166.32012607139572,
            "y": 146.67293618862075,
            "z": -1.0
        },
        {
            "x": 168.89344580036897,
            "y": 119.76559737320443,
            "z": -1.0
        },
        {
            "x": 223.47939916197834,
            "y": 89.67814524541382,
            "z": -1.0
        },
        {
            "x": 206.89625757235268,
            "y": 98.50167222031898,
            "z": -1.0
        },
        {
            "x": 204.6287570563507,
            "y": 101.04234483543064,
            "z": -1.0
        },
        {
            "x": 194.60535602466695,
            "y": 98.0761566428934,
            "z": -1.0
        },
        {
            "x": 219.02652306295926,
            "y": 100.16459931436495,
            "z": -1.0
        },
        {
            "x": 181.89081162909343,
            "y": 91.72759363657772,
            "z": -1.0
        },
        {
            "x": 233.52055322762757,
            "y": 151.67761177616998,
            "z": -1.0
        },
        {
            "x": 211.74470821579104,
            "y": 164.4785814340349,
            "z": -1.0
        },
        {
            "x": 209.07876264251018,
            "y": 92.50825121076272,
            "z": -1.0
        },
        {
            "x": 207.28826995606528,
            "y": 157.405148163423,
            "z": -1.0
        },
        {
            "x": 218.11253117172254,
            "y": 148.23290095285694,
            "z": -1.0
        },
        {
            "x": 185.95399492355244,
            "y": 100.59446394239754,
            "z": -1.0
        },
        {
            "x": 213.6109781766558,
            "y": 166.02145556122144,
            "z": -1.0
        },
        {
            "x": 206.9229235349234,
            "y": 81.84542273749764,
            "z": -1.0
        },
        {
            "x": 171.59990905932835,
            "y": 133.87014314644253,
            "z": -1.0
        },
        {
            "x": 237.25582014332798,
            "y": 149.1477878261059,
            "z": -1.0
        },
        {
            "x": 234.94906131242573,
            "y": 118.76135441155532,
            "z": -1.0
        },
        {
            "x": 186.45193198286566,
            "y": 101.79671815300271,
            "z": -1.0
        },
        {
            "x": 181.10810993330543,
            "y": 89.40655709518803,
            "z": -1.0
        },
        {
            "x": 232.23108250441788,
            "y": 128.67459411608357,
            "z": -1.0
        },
        {
            "x": 202.1887188294563,
            "y": 86.62485693438461,
            "z": -1.0
        },
        {
            "x": 216.78273921782366,
            "y": 89.07143125560727,
            "z": -1.0
        },
        {
            "x": 160.0715883718696,
            "y": 119.79472870613522,
            "z": -1.0
        },
        {
            "x": 167.58615459189107,
            "y": 145.00109876757804,
            "z": -1.0
        },
        {
            "x": 188.40490793477855,
            "y": 90.17879226930884,
            "z": -1.0
        },
        {
            "x": 191.87828887197816,
            "y": 103.43101513968902,
            "z": -1.0
        },
        {
            "x": 162.68113353267762,
            "y": 116.2175692994329,
            "z": -1.0
        },
        {
            "x": 201.9657745822564,
            "y": 88.13926157928867,
            "z": -1.0
        },
        {
            "x": 195.70499118281828,
            "y": 152.97689286289932,
            "z": -1.0
        },
        {
            "x": 185.52208597929376,
            "y": 160.8155414086794,
            "z": -1.0
        },
        {
            "x": 180.44915375121187,
            "y": 140.66244700704115,
            "z": -1.0
        },
        {
            "x": 221.50061387615278,
            "y": 103.00535773247762,
            "z": -1.0
        },
        {
            "x": 214.87114735695104,
            "y": 156.5826459914954,
            "z": -1.0
        },
        {
            "x": 167.82198657095245,
            "y": 104.63698458404517,
            "z": -1.0
        },
        {
            "x": 211.17549024803662,
            "y": 166.88473338951746,
            "z": -1.0
        },
        {
            "x": 227.211658188434,
            "y": 150.25322042404835,
            "z": -1.0
        },
        {
            "x": 233.75116388617522,
            "y": 100.35416327908777,
            "z": -1.0
        },
        {
            "x": 174.97731237682453,
            "y": 139.106595987665,
            "z": -1.0
        },
        {
            "x": 189.8915618800829,
            "y": 148.4354314152219,
            "z": -1.0
        },
        {
            "x": 219.13310650203502,
            "y": 96.86240158681072,
            "z": -1.0
        },
        {
            "x": 171.29535810951774,
            "y": 129.50156463977646,
            "z": -1.0
        }
    ],
    "center": {
        "x": 202.50759576074822,
        "y": 126.26453590401717,
        "z": 0.0
    },
    "radius": 25
}