{
    "W": 500,
    "H": 500,
    "depth": 1.0,
    "height": 10.0,
    "num_of_relays": 100,
    "num_of_sensors": 100,
    "relays": [
        {
            "x": 192.60691157931714,
            "y": 381.67947301708864,
            "z": 10.0
        },
        {
            "x": 228.0261743906804,
            "y": 323.5240604462296,
            "z": 10.0
        },
        {
            "x": 214.95415605234876,
            "y": 320.9149007910688,
            "z": 10.0
        },
        {
            "x": 253.9032365337106,
            "y": 348.3223588676725,
            "z": 10.0
        },
        {
            "x": 215.53796495309817,
            "y": 373.42935053058847,
            "z": 10.0
        },
        {
            "x": 185.5531069390494,
            "y": 358.40702821603037,
            "z": 10.0
        },
        {
            "x": 198.62315147013356,
            "y": 340.7653110547577,
            "z": 10.0
        },
        {
            "x": 191.5923212109272,
            "y": 358.35826412830147,
            "z": 10.0
        },
        {
            "x": 191.04042148428633,
            "y": 334.0754661473926,
            "z": 10.0
        },
        {
            "x": 170.67664797921663,
            "y": 357.8486014589754,
            "z": 10.0
        },
        {
            "x": 225.1390185316424,
            "y": 366.3216793731616,
            "z": 10.0
        },
        {
            "x": 204.36295945537992,
            "y": 345.83489436095806,
            "z": 10.0
        },
        {
            "x": 199.02808972088275,
            "y": 384.3567136942288,
            "z": 10.0
        },
        {
            "x": 197.53119881044844,
            "y": 347.8053487156684,
            "z": 10.0
        },
        {
            "x": 220.3645892031794,
            "y": 333.483907621048,
            "z": 10.0
        },
        {
            "x": 215.18496341653614,
            "y": 409.11067466225194,
            "z": 10.0
        },
        {
            "x": 241.8679475663102,
            "y": 357.94725631868863,
            "z": 10.0
        },
        {
            "x": 246.29839588451583,
            "y": 351.9748377507123,
            "z": 10.0
        },
        {
            "x": 235.80178053912474,
            "y": 376.4734092643964,
            "z": 10.0
        },
        {
            "x": 236.15363875137336,
            "y": 357.2435636209012,
            "z": 10.0
        },
        {
            "x": 195.4089905515751,
            "y": 384.85758496758433,
            "z": 10.0
        },
        {
            "x": 215.95761197560574,
            "y": 329.55014074994403,
            "z": 10.0
        },
        {
            "x": 187.9786173972913,
            "y": 384.6649905826978,
            "z": 10.0
        },
        {
            "x": 189.428576434186,
            "y": 349.5469915131774,
            "z": 10.0
        },
        {
            "x": 190.47868465333693,
            "y": 338.4908935147374,
            "z": 10.0
        },
        {
            "x": 186.8892260888063,
            "y": 379.44370381467564,
            "z": 10.0
        },
        {
            "x": 193.79878210988966,
            "y": 381.5300138011709,
            "z": 10.0
        },
        {
            "x": 226.10721574552363,
            "y": 352.79218168314986,
            "z": 10.0
        },
        {
            "x": 181.86003168977751,
            "y": 369.34557820913903,
            "z": 10.0
        },
        {
            "x": 177.89223385658482,
            "y": 354.9044705272507,
            "z": 10.0
        },
        {
            "x": 199.97019132469526,
            "y": 336.9667125151939,
            "z": 10.0
        },
        {
            "x": 212.6805453214685,
            "y": 387.83174511230544,
            "z": 10.0
        },
        {
            "x": 222.2907425808126,
            "y": 328.60351079700666,
            "z": 10.0
        },
        {
            "x": 193.92587189942705,
            "y": 399.0487449649061,
            "z": 10.0
        },
        {
            "x": 208.94027946067155,
            "y": 348.2312876509087,
            "z": 10.0
        },
        {
            "x": 189.78142043962694,
            "y": 400.3725310746461,
            "z": 10.0
        },
        {
            "x": 231.94321636549412,
            "y": 325.4444888727032,
            "z": 10.0
        },
        {
            "x": 238.78647016799042,
            "y": 397.8113714173181,
            "z": 10.0
        },
        {
            "x": 222.71978822349737,
            "y": 406.7399995496029,
            "z": 10.0
        },
        {
            "x": 254.40017190369207,
            "y": 384.9258894190026,
            "z": 10.0
        },
        {
            "x": 172.0752386229551,
            "y": 374.82570386213604,
            "z": 10.0
        },
        {
            "x": 220.80559028270622,
            "y": 330.2486567390621,
            "z": 10.0
        },
        {
            "x": 236.11391914514107,
            "y": 379.43893456316584,
            "z": 10.0
        },
        {
            "x": 239.0032666716229,
            "y": 407.61122660934745,
            "z": 10.0
        },
        {
            "x": 220.6068340635095,
            "y": 376.8327512520216,
            "z": 10.0
        },
        {
            "x": 200.66648995839205,
            "y": 378.57980528800505,
            "z": 10.0
        },
        {
            "x": 256.06894988880356,
            "y": 373.5461248121891,
            "z": 10.0
        },
        {
            "x": 191.12448617053514,
            "y": 332.50571170885496,
            "z": 10.0
        },
        {
            "x": 217.50746887470376,
            "y": 387.673251780925,
            "z": 10.0
        },
        {
            "x": 210.516423224763,
            "y": 334.3315070376626,
            "z": 10.0
        },
        {
            "x": 231.02035571980232,
            "y": 372.92760851344127,
            "z": 10.0
        },
        {
            "x": 219.391277097977,
            "y": 358.68195853844196,
            "z": 10.0
        },
        {
            "x": 208.41040246986518,
            "y": 413.7102828964059,
            "z": 10.0
        },
        {
            "x": 187.40848797738778,
            "y": 331.87248602377935,
            "z": 10.0
        },
        {
            "x": 228.18214459112505,
            "y": 374.6725723585213,
            "z": 10.0
        },
        {
            "x": 199.94932223538677,
            "y": 409.5112290097129,
            "z": 10.0
        },
        {
            "x": 185.64136027048582,
            "y": 385.22275099880284,
            "z": 10.0
        },
        {
            "x": 224.62330143277978,
            "y": 399.2779273363666,
            "z": 10.0
        },
        {
            "x": 251.99309987944213,
            "y": 397.12122286084457,
            "z": 10.0
        },
        {
            "x": 222.97149087706384,
            "y": 415.97795492808626,
            "z": 10.0
        },
        {
            "x": 216.85056798217207,
            "y": 359.71888593987495,
            "z": 10.0
        },
        {
            "x": 246.54040141628676,
            "y": 393.14067484273625,
            "z": 10.0
        },
        {
            "x": 231.68108324295548,
            "y": 372.38703356861197,
            "z": 10.0
        },
        {
            "x": 217.15103279276173,
            "y": 411.3568167117416,
            "z": 10.0
        },
        {
            "x": 200.4824770969,
            "y": 339.0206447921691,
            "z": 10.0
        },
        {
            "x": 228.89816972471164,
            "y": 372.7558419383636,
            "z": 10.0
        },
        {
            "x": 219.12348083639935,
            "y": 328.9691694835898,
            "z": 10.0
        },
        {
            "x": 200.80799236532386,
            "y": 391.5109189933105,
            "z": 10.0
        },
        {
            "x": 182.21993012416658,
            "y": 377.42626217961254,
            "z": 10.0
        },
        {
            "x": 204.67727297554103,
            "y": 342.8278387906076,
            "z": 10.0
        },
        {
            "x": 217.95656344615426,
            "y": 407.2177843307983,
            "z": 10.0
        },
        {
            "x": 177.45718036364883,
            "y": 395.7707858661852,
            "z": 10.0
        },
        {
            "x": 222.42405914575238,
            "y": 367.00429712585026,
            "z": 10.0
        },
        {
            "x": 164.5199915519863,
            "y": 366.3212537331423,
            "z": 10.0
        },
        {
            "x": 208.81998036556942,
            "y": 322.0125238147049,
            "z": 10.0
        },
        {
            "x": 209.46556051133234,
            "y": 343.1543530130385,
            "z": 10.0
        },
        {
            "x": 220.79854182265848,
            "y": 321.75320299645585,
            "z": 10.0
        },
        {
            "x": 179.2762260263583,
            "y": 365.5035694737115,
            "z": 10.0
        },
        {
            "x": 209.07569798824866,
            "y": 355.84139009486574,
            "z": 10.0
        },
        {
            "x": 216.23488502230217,
            "y": 397.5215149500292,
            "z": 10.0
        },
        {
            "x": 174.03465092615528,
            "y": 378.9826464283407,
            "z": 10.0
        },
        {
            "x": 169.59517125438444,
            "y": 344.8589213468416,
            "z": 10.0
        },
        {
            "x": 231.78546577419925,
            "y": 369.67546761718165,
            "z": 10.0
        },
        {
            "x": 200.14829222435208,
            "y": 351.2329912813211,
            "z": 10.0
        },
        {
            "x": 205.57559640791592,
            "y": 407.8769467310432,
            "z": 10.0
        },
        {
            "x": 235.68776612651737,
            "y": 403.3513091766186,
            "z": 10.0
        },
        {
            "x": 225.94406228106018,
            "y": 344.96357702472704,
            "z": 10.0
        },
        {
            "x": 196.3416914587553,
            "y": 355.7315509088613,
            "z": 10.0
        },
        {
            "x": 198.79241508117474,
            "y": 356.1780232755769,
            "z": 10.0
        },
        {
            "x": 163.86987857523098,
            "y": 370.50554177194545,
            "z": 10.0
        },
        {
            "x": 175.84115385688878,
            "y": 383.94563358339343,
            "z": 10.0
        },
        {
            "x": 184.31610508324448,
            "y": 333.5310059158818,
            "z": 10.0
        },
        {
            "x": 224.24338118554837,
            "y": 325.95122259670427,
            "z": 10.0
        },
        {
            "x": 208.18343492671292,
            "y": 380.39432877143406,
            "z": 10.0
        },
        {
            "x": 164.36417416658963,
            "y": 376.7833147307225,
            "z": 10.0
        },
        {
            "x": 239.8813414979248,
            "y": 381.63037140751794,
            "z": 10.0
        },
        {
            "x": 218.94610395016235,
            "y": 326.84825879970765,
            "z": 10.0
        },
        {
            "x": 198.25866265774533,
            "y": 375.0739580836945,
            "z": 10.0
        },
        {
            "x": 169.355681158699,
            "y": 356.17015698897694,
            "z": 10.0
        },
        {
            "x": 175.6701601821478,
            "y": 350.2153930383058,
            "z": 10.0
        }
    ],
    "sensors": [
        {
            "x": 245.88984134803292,
            "y": 433.62031631598194,
            "z": -1.0
        },
        {
            "x": 194.14619478265288,
            "y": 454.1022841351561,
            "z": -1.0
        },
        {
            "x": 242.2156221349431,
            "y": 302.70679012512403,
            "z": -1.0
        },
        {
            "x": 224.73945242523797,
            "y": 279.0509783877464,
            "z": -1.0
        },
        {
            "x": 140.24818275761626,
            "y": 424.907203526172,
            "z": -1.0
        },
        {
            "x": 170.95478818376785,
            "y": 426.1068322230564,
            "z": -1.0
        },
        {
            "x": 123.62292424875928,
            "y": 392.6480211649017,
            "z": -1.0
        },
        {
            "x": 151.000995334176,
            "y": 364.5506013929695,
            "z": -1.0
        },
        {
            "x": 180.45113880430242,
            "y": 300.5212465666059,
            "z": -1.0
        },
        {
            "x": 167.24290876515786,
            "y": 311.49800537612145,
            "z": -1.0
        },
        {
            "x": 153.96970534726057,
            "y": 431.4517757454224,
            "z": -1.0
        },
        {
            "x": 220.08267773927022,
            "y": 301.4303828601716,
            "z": -1.0
        },
        {
            "x": 186.32945182189053,
            "y": 304.25389450123873,
            "z": -1.0
        },
        {
            "x": 142.50678503910743,
            "y": 345.6959440264404,
            "z": -1.0
        },
        {
            "x": 152.60066487263776,
            "y": 362.7232112946227,
            "z": -1.0
        },
        {
            "x": 144.9335979855639,
            "y": 304.1497140830356,
            "z": -1.0
        },
        {
            "x": 190.66134686093048,
            "y": 313.6490310510063,
            "z": -1.0
        },
        {
            "x": 123.54901790407787,
            "y": 363.15694539981706,
            "z": -1.0
        },
        {
            "x": 202.58817367100406,
            "y": 280.2973437845913,
            "z": -1.0
        },
        {
            "x": 195.3298055821092,
            "y": 319.6071876167864,
            "z": -1.0
        },
        {
            "x": 119.29775813538072,
            "y": 348.84128312640695,
            "z": -1.0
        },
        {
            "x": 150.1312445481379,
            "y": 316.0296671034803,
            "z": -1.0
        },
        {
            "x": 225.68054493959238,
            "y": 301.69799138834003,
            "z": -1.0
        },
        {
            "x": 201.68108728465853,
            "y": 317.8757558598398,
            "z": -1.0
        },
        {
            "x": 142.27066434986443,
            "y": 304.80689868013184,
            "z": -1.0
        },
        {
            "x": 191.65027287654954,
            "y": 293.5829375732686,
            "z": -1.0
        },
        {
            "x": 219.60168966633714,
            "y": 313.07358944121654,
            "z": -1.0
        },
        {
            "x": 183.93185226834527,
            "y": 284.80889232997913,
            "z": -1.0
        },
        {
            "x": 234.67645193988173,
            "y": 424.03015140269406,
            "z": -1.0
        },
        {
            "x": 184.92078426541667,
            "y": 283.2798583356299,
            "z": -1.0
        },
        {
            "x": 173.68896829862265,
            "y": 311.3776865613107,
            "z": -1.0
        },
        {
            "x": 152.0998879400117,
            "y": 385.9948954726152,
            "z": -1.0
        },
        {
            "x": 231.87704270877467,
            "y": 275.74132808609977,
            "z": -1.0
        },
        {
            "x": 147.84115944229382,
            "y": 358.91564484506677,
            "z": -1.0
        },
        {
            "x": 186.0438446758194,
            "y": 288.7888745673497,
            "z": -1.0
        },
        {
            "x": 248.5793839024916,
            "y": 313.0820770037125,
            "z": -1.0
        },
        {
            "x": 219.4136688277872,
            "y": 297.24284695841874,
            "z": -1.0
        },
        {
            "x": 133.37269580278786,
            "y": 363.90117111964264,
            "z": -1.0
        },
        {
            "x": 210.00328631781616,
            "y": 312.34083097412304,
            "z": -1.0
        },
        {
            "x": 131.3580402485303,
            "y": 350.1887184326044,
            "z": -1.0
        },
        {
            "x": 163.51738949217787,
            "y": 295.861260843745,
            "z": -1.0
        },
        {
            "x": 167.4568116268204,
            "y": 291.6672200296159,
            "z": -1.0
        },
        {
            "x": 179.93798583661138,
            "y": 324.2185184468971,
            "z": -1.0
        },
        {
            "x": 157.43262315946285,
            "y": 375.6036369672377,
            "z": -1.0
        },
        {
            "x": 166.24521118317023,
            "y": 316.3145738751084,
            "z": -1.0
        },
        {
            "x": 126.75918958223728,
            "y": 363.19191918130326,
            "z": -1.0
        },
        {
            "x": 232.80680466016574,
            "y": 422.41149378917953,
            "z": -1.0
        },
        {
            "x": 263.1426524832622,
            "y": 373.20391010882383,
            "z": -1.0
        },
        {
            "x": 146.19422953330988,
            "y": 323.63720311359396,
            "z": -1.0
        },
        {
            "x": 202.08301971779025,
            "y": 288.71017288771776,
            "z": -1.0
        },
        {
            "x": 130.94565683169793,
            "y": 402.2623879336079,
            "z": -1.0
        },
        {
            "x": 163.64092331111326,
            "y": 318.6415857966251,
            "z": -1.0
        },
        {
            "x": 241.3906751323751,
            "y": 424.7645282434038,
            "z": -1.0
        },
        {
            "x": 139.64040741735124,
            "y": 357.13233632434816,
            "z": -1.0
        },
        {
            "x": 259.2644392496022,
            "y": 296.0061008689905,
            "z": -1.0
        },
        {
            "x": 155.5128265411302,
            "y": 356.61626485465865,
            "z": -1.0
        },
        {
            "x": 206.1039532524366,
            "y": 432.96960935042796,
            "z": -1.0
        },
        {
            "x": 156.67026580292713,
            "y": 344.06924966494165,
            "z": -1.0
        },
        {
            "x": 186.20850158684087,
            "y": 310.5665089703605,
            "z": -1.0
        },
        {
            "x": 164.11021423678145,
            "y": 341.19729541083206,
            "z": -1.0
        },
        {
            "x": 167.89333652966164,
            "y": 304.6416771104616,
            "z": -1.0
        },
        {
            "x": 138.6872672277683,
            "y": 391.84261497741795,
            "z": -1.0
        },
        {
            "x": 223.24240118356505,
            "y": 453.70239059200856,
            "z": -1.0
        },
        {
            "x": 153.83263653793435,
            "y": 333.90282221343,
            "z": -1.0
        },
        {
            "x": 238.29502703756557,
            "y": 281.45691305553163,
            "z": -1.0
        },
        {
            "x": 150.91283222517615,
            "y": 329.9859617750932,
            "z": -1.0
        },
        {
            "x": 158.2897767606991,
            "y": 339.2456312334317,
            "z": -1.0
        },
        {
            "x": 211.77173363872097,
            "y": 299.89825939301204,
            "z": -1.0
        },
        {
            "x": 268.3504176132421,
            "y": 330.00270978250103,
            "z": -1.0
        },
        {
            "x": 148.2429631457396,
            "y": 316.7820597247685,
            "z": -1.0
        },
        {
            "x": 159.67130188595803,
            "y": 304.30807067706036,
            "z": -1.0
        },
        {
            "x": 152.29752356964391,
            "y": 398.95225803005127,
            "z": -1.0
        },
        {
            "x": 154.0856613407372,
            "y": 312.5086221846574,
            "z": -1.0
        },
        {
            "x": 225.55920315914273,
            "y": 308.10017354090235,
            "z": -1.0
        },
        {
            "x": 260.1399699284533,
            "y": 330.4332167613717,
            "z": -1.0
        },
        {
            "x": 260.5143565051788,
            "y": 351.314506140567,
            "z": -1.0
        },
        {
            "x": 188.56300907041944,
            "y": 323.45204038076804,
            "z": -1.0
        },
        {
            "x": 280.96547373403126,
            "y": 391.40399254097684,
            "z": -1.0
        },
        {
            "x": 265.7478940105165,
            "y": 420.05785939247454,
            "z": -1.0
        },
        {
            "x": 243.7756038436437,
            "y": 324.9747824471829,
            "z": -1.0
        },
        {
            "x": 214.57930671435443,
            "y": 314.0136539720639,
            "z": -1.0
        },
        {
            "x": 263.9926187541336,
            "y": 345.1347174331405,
            "z": -1.0
        },
        {
            "x": 237.75476296368993,
            "y": 309.2763346255587,
            "z": -1.0
        },
        {
            "x": 141.2133122827732,
            "y": 385.07776163265123,
            "z": -1.0
        },
        {
            "x": 171.2554069370107,
            "y": 328.4540752664807,
            "z": -1.0
        },
        {
            "x": 120.14799082379825,
            "y": 385.2910936410673,
            "z": -1.0
        },
        {
            "x": 200.6354790845526,
            "y": 284.2196999951482,
            "z": -1.0
        },
        {
            "x": 143.9770466815975,
            "y": 354.24816813317386,
            "z": -1.0
        },
        {
            "x": 242.94955539481444,
            "y": 302.903011128587,
            "z": -1.0
        },
        {
            "x": 196.02170028220957,
            "y": 278.82941662287584,
            "z": -1.0
        },
        {
            "x": 142.56084528711068,
            "y": 306.3053128313934,
            "z": -1.0
        },
        {
            "x": 263.3869799769293,
            "y": 331.5086559723446,
            "z": -1.0
        },
        {
            "x": 242.97645902998858,
            "y": 288.1147463829802,
            "z": -1.0
        },
        {
            "x": 208.87125873703081,
            "y": 421.7127083278944,
            "z": -1.0
        },
        {
            "x": 188.43206125149973,
            "y": 300.70777459193835,
            "z": -1.0
        },
        {
            "x": 184.25217486130734,
            "y": 452.4261755592962,
            "z": -1.0
        },
        {
            "x": 268.43747643034584,
            "y": 347.1077037581311,
            "z": -1.0
        },
        {
            "x": 157.6583567877917,
            "y": 400.1302220143299,
            "z": -1.0
        },
        {
            "x": 235.62545421645132,
            "y": 275.40924297708784,
            "z": -1.0
        },
        {
            "x": 124.29410764929233,
            "y": 346.78246773175835,
            "z": -1.0
        }
    ],
    "center": {
        "x": 211.99191694149408,
        "y": 368.89246580455,
        "z": 0.0
    },
    "radius": 50
}