{
    "W": 500,
    "H": 500,
    "depth": 1.0,
    "height": 10.0,
    "num_of_relays": 100,
    "num_of_sensors": 100,
    "relays": [
        {
            "x": 108.64567216423694,
            "y": 144.94234598228195,
            "z": 10.0
        },
        {
            "x": 99.21998348916844,
            "y": 140.8306123879849,
            "z": 10.0
        },
        {
            "x": 134.53666025820115,
            "y": 152.6046934714799,
            "z": 10.0
        },
        {
            "x": 125.3783085251123,
            "y": 132.50738024893855,
            "z": 10.0
        },
        {
            "x": 101.58796919417364,
            "y": 141.59718636153738,
            "z": 10.0
        },
        {
            "x": 94.40868993456144,
            "y": 120.98139542777244,
            "z": 10.0
        },
        {
            "x": 88.81506369913032,
            "y": 84.37535691608278,
            "z": 10.0
        },
        {
            "x": 129.68690140849944,
            "y": 138.96510641639517,
            "z": 10.0
        },
        {
            "x": 145.4031775192479,
            "y": 129.33531283094874,
            "z": 10.0
        },
        {
            "x": 135.13385736940808,
            "y": 80.12395116301497,
            "z": 10.0
        },
        {
            "x": 76.97021134431074,
            "y": 104.64058795121494,
            "z": 10.0
        },
        {
            "x": 96.05143743745205,
            "y": 97.3596380362597,
            "z": 10.0
        },
        {
            "x": 93.26243299963252,
            "y": 150.7987998233193,
            "z": 10.0
        },
        {
            "x": 96.08468089017424,
            "y": 82.70288948802443,
            "z": 10.0
        },
        {
            "x": 142.49477358058883,
            "y": 112.55695623473983,
            "z": 10.0
        },
        {
            "x": 93.40727291394126,
            "y": 113.97262604460522,
            "z": 10.0
        },
        {
            "x": 142.5883630233791,
            "y": 104.44582059067264,
            "z": 10.0
        },
        {
            "x": 68.24192707182647,
            "y": 122.78281169628954,
            "z": 10.0
        },
        {
            "x": 101.61255124897701,
            "y": 132.10351939882452,
            "z": 10.0
        },
        {
            "x": 71.61794921087096,
            "y": 136.95114661816245,
            "z": 10.0
        },
        {
            "x": 101.54490424495185,
            "y": 88.97844979762996,
            "z": 10.0
        },
        {
            "x": 145.33810022309245,
            "y": 99.95129736634962,
            "z": 10.0
        },
        {
            "x": 82.19239378022178,
            "y": 151.68437625672436,
            "z": 10.0
        },
        {
            "x": 128.77092134583734,
            "y": 75.00484166018367,
            "z": 10.0
        },
        {
            "x": 84.3335799777129,
            "y": 106.11683952470713,
            "z": 10.0
        },
        {
            "x": 106.04241364766497,
            "y": 153.21612190312337,
            "z": 10.0
        },
        {
            "x": 77.46769433786704,
            "y": 81.21767545503656,
            "z": 10.0
        },
        {
            "x": 102.19073843323409,
            "y": 139.55421126426086,
            "z": 10.0
        },
        {
            "x": 66.85522833864206,
            "y": 97.83187030150879,
            "z": 10.0
        },
        {
            "x": 101.90017605484374,
            "y": 125.54214667877656,
            "z": 10.0
        },
        {
            "x": 85.42135933063545,
            "y": 159.2941576740607,
            "z": 10.0
        },
        {
            "x": 131.84001370265236,
            "y": 138.22329752883462,
            "z": 10.0
        },
        {
            "x": 111.28253067445362,
            "y": 110.78006199917078,
            "z": 10.0
        },
        {
            "x": 69.19437495287823,
            "y": 128.78609498616942,
            "z": 10.0
        },
        {
            "x": 72.61149146663428,
            "y": 135.3089145186147,
            "z": 10.0
        },
        {
            "x": 119.95521470994339,
            "y": 95.81076928794954,
            "z": 10.0
        },
        {
            "x": 79.66456128779771,
            "y": 115.22746929152291,
            "z": 10.0
        },
        {
            "x": 67.5420195851579,
            "y": 111.68225815937944,
            "z": 10.0
        },
        {
            "x": 100.02561870416699,
            "y": 128.9193120517436,
            "z": 10.0
        },
        {
            "x": 108.48852901499274,
            "y": 145.98457060718835,
            "z": 10.0
        },
        {
            "x": 60.91074171288605,
            "y": 97.95914890815206,
            "z": 10.0
        },
        {
            "x": 144.86846938265077,
            "y": 125.19608660747701,
            "z": 10.0
        },
        {
            "x": 108.15000466607293,
            "y": 125.12539087767625,
            "z": 10.0
        },
        {
            "x": 118.76605806737572,
            "y": 92.95860155518048,
            "z": 10.0
        },
        {
            "x": 144.48160795061165,
            "y": 131.43975892614617,
            "z": 10.0
        },
        {
            "x": 114.00078993840248,
            "y": 161.51459740831345,
            "z": 10.0
        },
        {
            "x": 137.58921053281284,
            "y": 97.12083047795139,
            "z": 10.0
        },
        {
            "x": 143.99385518486616,
            "y": 92.0828064802729,
            "z": 10.0
        },
        {
            "x": 138.5659249197177,
            "y": 97.56683413547856,
            "z": 10.0
        },
        {
            "x": 103.02959018503049,
            "y": 96.92792171651385,
            "z": 10.0
        },
        {
            "x": 149.65520724254432,
            "y": 126.18343612574027,
            "z": 10.0
        },
        {
            "x": 92.48638375181469,
            "y": 102.38549708427337,
            "z": 10.0
        },
        {
            "x": 98.09066203207283,
            "y": 109.079232533082,
            "z": 10.0
        },
        {
            "x": 95.88550752029852,
            "y": 124.61607340749326,
            "z": 10.0
        },
        {
            "x": 99.92678601967509,
            "y": 132.78968665965283,
            "z": 10.0
        },
        {
            "x": 98.3014950517468,
            "y": 99.85647985470462,
            "z": 10.0
        },
        {
            "x": 64.92123947542368,
            "y": 131.01516133278471,
            "z": 10.0
        },
        {
            "x": 62.47012872738327,
            "y": 127.59145225037486,
            "z": 10.0
        },
        {
            "x": 146.91444862424572,
            "y": 131.91028771469698,
            "z": 10.0
        },
        {
            "x": 83.59700290424371,
            "y": 75.39080367947221,
            "z": 10.0
        },
        {
            "x": 111.89599507592885,
            "y": 149.09953231631775,
            "z": 10.0
        },
        {
            "x": 82.77036702260537,
            "y": 152.59283816487925,
            "z": 10.0
        },
        {
            "x": 67.20993943443779,
            "y": 96.10485147406999,
            "z": 10.0
        },
        {
            "x": 119.31168203274316,
            "y": 130.42006796664634,
            "z": 10.0
        },
        {
            "x": 62.96958403275622,
            "y": 93.87641646214658,
            "z": 10.0
        },
        {
            "x": 139.9334415031343,
            "y": 146.0519615867281,
            "z": 10.0
        },
        {
            "x": 139.11782002195173,
            "y": 107.57298970224022,
            "z": 10.0
        },
        {
            "x": 80.53948061160713,
            "y": 106.17807803392321,
            "z": 10.0
        },
        {
            "x": 121.73970439040264,
            "y": 120.78537539099108,
            "z": 10.0
        },
        {
            "x": 108.13704393090708,
            "y": 155.53978104428603,
            "z": 10.0
        },
        {
            "x": 107.38617096838956,
            "y": 154.82006995424632,
            "z": 10.0
        },
        {
            "x": 142.0063722567009,
            "y": 125.40379767077106,
            "z": 10.0
        },
        {
            "x": 144.56527069207178,
            "y": 134.45468694445083,
            "z": 10.0
        },
        {
            "x": 81.64908328876146,
            "y": 156.19172476148475,
            "z": 10.0
        },
        {
            "x": 83.38387180261822,
            "y": 112.10735660571274,
            "z": 10.0
        },
        {
            "x": 112.05460853710221,
            "y": 77.87591702945241,
            "z": 10.0
        },
        {
            "x": 120.76861889808052,
            "y": 158.1487475251263,
            "z": 10.0
        },
        {
            "x": 86.58420703368932,
            "y": 144.90239517559723,
            "z": 10.0
        },
        {
            "x": 123.04806600693469,
            "y": 158.21947404858406,
            "z": 10.0
        },
        {
            "x": 95.21627991785545,
            "y": 133.04721737748525,
            "z": 10.0
        },
        {
            "x": 95.98833537574521,
            "y": 109.29049452310173,
            "z": 10.0
        },
        {
            "x": 139.01862495491253,
            "y": 100.46049429420995,
            "z": 10.0
        },
        {
            "x": 78.42224410035718,
            "y": 140.55165289364427,
            "z": 10.0
        },
        {
            "x": 71.48904266285285,
            "y": 106.50699332841089,
            "z": 10.0
        },
        {
            "x": 96.57602601686636,
            "y": 140.50605910906347,
            "z": 10.0
        },
        {
            "x": 92.33300858664859,
            "y": 77.97141114447379,
            "z": 10.0
        },
        {
            "x": 109.71006448742045,
            "y": 127.48538424433067,
            "z": 10.0
        },
        {
            "x": 104.01252731056618,
            "y": 136.01972231624435,
            "z": 10.0
        },
        {
            "x": 129.63807430196658,
            "y": 96.88666471515961,
            "z": 10.0
        },
        {
            "x": 121.67765163623758,
            "y": 74.12197592118105,
            "z": 10.0
        },
        {
            "x": 66.35807978216096,
            "y": 146.0402232284194,
            "z": 10.0
        },
        {
            "x": 90.18172461871814,
            "y": 143.40826051661486,
            "z": 10.0
        },
        {
            "x": 88.84523848703137,
            "y": 149.7554995335618,
            "z": 10.0
        },
        {
            "x": 95.53465272008634,
            "y": 72.87996296555264,
            "z": 10.0
        },
        {
            "x": 123.8033477503119,
            "y": 78.63316468221134,
            "z": 10.0
        },
        {
            "x": 117.56197611610588,
            "y": 132.951346876752,
            "z": 10.0
        },
        {
            "x": 86.68307585221922,
            "y": 127.6764083048999,
            "z": 10.0
        },
        {
            "x": 102.9570952837409,
            "y": 159.2881925607752,
            "z": 10.0
        },
        {
            "x": 128.64555157660305,
            "y": 151.9421469561732,
            "z": 10.0
        },
        {
            "x": 115.99902829623508,
            "y": 114.30069805291805,
            "z": 10.0
        }
    ],
    "sensors": [
        {
            "x": 113.41650429023423,
            "y": 210.23216376874606,
            "z": -1.0
        },
        {
            "x": 156.38148723557185,
            "y": 190.01161222339834,
            "z": -1.0
        },
        {
            "x": 172.86993971792117,
            "y": 171.85336380531533,
            "z": -1.0
        },
        {
            "x": 163.32277541214143,
            "y": 181.78849081941613,
            "z": -1.0
        },
        {
            "x": 158.75095425094878,
            "y": 155.73671216159715,
            "z": -1.0
        },
        {
            "x": 140.66802885031885,
            "y": 81.48937912477149,
            "z": -1.0
        },
        {
            "x": 40.29835618239687,
            "y": 131.4997283462044,
            "z": -1.0
        },
        {
            "x": 21.974630736685953,
            "y": 156.90431883685704,
            "z": -1.0
        },
        {
            "x": 184.14098425275665,
            "y": 136.06218500180012,
            "z": -1.0
        },
        {
            "x": 145.31497384342006,
            "y": 167.06538094748348,
            "z": -1.0
        },
        {
            "x": 191.07502370724208,
            "y": 108.76847114282415,
            "z": -1.0
        },
        {
            "x": 53.3454383933676,
            "y": 132.85119800055676,
            "z": -1.0
        },
        {
            "x": 118.42614520287117,
            "y": 186.1885752519948,
            "z": -1.0
        },
        {
            "x": 177.12660334992023,
            "y": 94.81280390192347,
            "z": -1.0
        },
        {
            "x": 91.79820458863747,
            "y": 168.8890423918121,
            "z": -1.0
        },
        {
            "x": 189.99278271643925,
            "y": 150.57975147142173,
            "z": -1.0
        },
        {
            "x": 53.011098315335374,
            "y": 148.06009956040054,
            "z": -1.0
        },
        {
            "x": 87.28341646271224,
            "y": 169.38457532867517,
            "z": -1.0
        },
        {
            "x": 133.26765140858407,
            "y": 203.099585751055,
            "z": -1.0
        },
        {
            "x": 171.95903988778807,
            "y": 138.54776329987737,
            "z": -1.0
        },
        {
            "x": 128.39779481401587,
            "y": 41.88024048697008,
            "z": -1.0
        },
        {
            "x": 112.70419395336347,
            "y": 194.54711956571916,
            "z": -1.0
        },
        {
            "x": 170.98854938829987,
            "y": 169.78318206001046,
            "z": -1.0
        },
        {
            "x": 149.41331556634282,
            "y": 180.8214821909496,
            "z": -1.0
        },
        {
            "x": 24.12364396140771,
            "y": 161.17341494885818,
            "z": -1.0
        },
        {
            "x": 29.126192201277973,
            "y": 88.42246372719427,
            "z": -1.0
        },
        {
            "x": 188.1518332461689,
            "y": 146.25171502157758,
            "z": -1.0
        },
        {
            "x": 130.1910369270094,
            "y": 206.04200744689913,
            "z": -1.0
        },
        {
            "x": 179.72998376567793,
            "y": 134.6154046465761,
            "z": -1.0
        },
        {
            "x": 62.499916904578726,
            "y": 198.25430500023404,
            "z": -1.0
        },
        {
            "x": 156.7401543959139,
            "y": 125.38634480857834,
            "z": -1.0
        },
        {
            "x": 179.3926666675102,
            "y": 132.35392542055712,
            "z": -1.0
        },
        {
            "x": 179.1394535733005,
            "y": 155.39637497577212,
            "z": -1.0
        },
        {
            "x": 72.2375991158491,
            "y": 64.72268728513521,
            "z": -1.0
        },
        {
            "x": 45.013339054439655,
            "y": 155.0597177908715,
            "z": -1.0
        },
        {
            "x": 80.64930242488973,
            "y": 193.33230309968806,
            "z": -1.0
        },
        {
            "x": 183.5678102469601,
            "y": 134.76651291290145,
            "z": -1.0
        },
        {
            "x": 139.6986446579167,
            "y": 186.8391323512274,
            "z": -1.0
        },
        {
            "x": 165.40238291316254,
            "y": 127.12305878928015,
            "z": -1.0
        },
        {
            "x": 184.79023116373338,
            "y": 85.17075746696165,
            "z": -1.0
        },
        {
            "x": 179.58021940498207,
            "y": 165.09538727531373,
            "z": -1.0
        },
        {
            "x": 168.57757184586654,
            "y": 90.40329370758178,
            "z": -1.0
        },
        {
            "x": 139.0360303450386,
            "y": 64.47130043596596,
            "z": -1.0
        },
        {
            "x": 172.0897783132072,
            "y": 160.10690772485174,
            "z": -1.0
        },
        {
            "x": 114.6660500532522,
            "y": 206.7630710024242,
            "z": -1.0
        },
        {
            "x": 155.0582631200625,
            "y": 178.66953822659258,
            "z": -1.0
        },
        {
            "x": 148.36331881987542,
            "y": 168.98858344619978,
            "z": -1.0
        },
        {
            "x": 103.32445743117279,
            "y": 62.497176148052375,
            "z": -1.0
        },
        {
            "x": 155.6066851033353,
            "y": 163.44555356133463,
            "z": -1.0
        },
        {
            "x": 123.36078191591773,
            "y": 165.3814946434556,
            "z": -1.0
        },
        {
            "x": 127.12578853054693,
            "y": 182.08126738406585,
            "z": -1.0
        },
        {
            "x": 177.73030694367907,
            "y": 174.57497237333163,
            "z": -1.0
        },
        {
            "x": 168.0715077016225,
            "y": 84.36084440606021,
            "z": -1.0
        },
        {
            "x": 133.3858996913733,
            "y": 199.4460146786938,
            "z": -1.0
        },
        {
            "x": 180.83421971690782,
            "y": 112.63415074908448,
            "z": -1.0
        },
        {
            "x": 156.7161680957666,
            "y": 192.12912523069042,
            "z": -1.0
        },
        {
            "x": 104.98890826487369,
            "y": 192.37146728857863,
            "z": -1.0
        },
        {
            "x": 31.38635393416726,
            "y": 129.00294477023232,
            "z": -1.0
        },
        {
            "x": 137.07827176107963,
            "y": 159.41307534170187,
            "z": -1.0
        },
        {
            "x": 92.38255348129991,
            "y": 183.9414538878362,
            "z": -1.0
        },
        {
            "x": 12.620763694045763,
            "y": 98.71589938282548,
            "z": -1.0
        },
        {
            "x": 119.33618572952494,
            "y": 50.49923237876078,
            "z": -1.0
        },
        {
            "x": 120.24819438025364,
            "y": 193.95386028147016,
            "z": -1.0
        },
        {
            "x": 183.48998231931137,
            "y": 83.98789283598956,
            "z": -1.0
        },
        {
            "x": 26.992281517218572,
            "y": 144.3077344626301,
            "z": -1.0
        },
        {
            "x": 140.42830513582976,
            "y": 163.60727774967918,
            "z": -1.0
        },
        {
            "x": 146.2218667140898,
            "y": 151.44426653234825,
            "z": -1.0
        },
        {
            "x": 34.76026306152485,
            "y": 116.47035605209857,
            "z": -1.0
        },
        {
            "x": 156.3430122501581,
            "y": 139.61287312676885,
            "z": -1.0
        },
        {
            "x": 87.47145897671706,
            "y": 180.1447763980147,
            "z": -1.0
        },
        {
            "x": 143.33778103167143,
            "y": 61.629561100330164,
            "z": -1.0
        },
        {
            "x": 165.8568085077878,
            "y": 187.63412325211016,
            "z": -1.0
        },
        {
            "x": 186.71601046460165,
            "y": 86.51633476395367,
            "z": -1.0
        },
        {
            "x": 128.6770245091947,
            "y": 195.30449300051055,
            "z": -1.0
        },
        {
            "x": 37.82392311694343,
            "y": 121.35831240035864,
            "z": -1.0
        },
        {
            "x": 104.8836511973984,
            "y": 208.6684390180518,
            "z": -1.0
        },
        {
            "x": 74.64962307186164,
            "y": 40.06977150880928,
            "z": -1.0
        },
        {
            "x": 43.47483356461362,
            "y": 147.6452519746204,
            "z": -1.0
        },
        {
            "x": 173.8887293152449,
            "y": 181.093494626228,
            "z": -1.0
        },
        {
            "x": 89.73417062077937,
            "y": 183.54892930279232,
            "z": -1.0
        },
        {
            "x": 73.66542600443299,
            "y": 59.09332436238921,
            "z": -1.0
        },
        {
            "x": 24.76655347669987,
            "y": 84.18572279739982,
            "z": -1.0
        },
        {
            "x": 42.900398592175634,
            "y": 185.70803963472082,
            "z": -1.0
        },
        {
            "x": 177.9626624344263,
            "y": 159.97500550812964,
            "z": -1.0
        },
        {
            "x": 133.07956675699984,
            "y": 193.4022489531633,
            "z": -1.0
        },
        {
            "x": 118.90402211059737,
            "y": 49.16467513447236,
            "z": -1.0
        },
        {
            "x": 101.50096645268093,
            "y": 60.54507229546388,
            "z": -1.0
        },
        {
            "x": 158.5450664191688,
            "y": 45.52167357870934,
            "z": -1.0
        },
        {
            "x": 82.43931815103818,
            "y": 27.67186636565242,
            "z": -1.0
        },
        {
            "x": 177.25062777593598,
            "y": 87.35523789155462,
            "z": -1.0
        },
        {
            "x": 92.8674225081894,
            "y": 196.47275390092994,
            "z": -1.0
        },
        {
            "x": 145.8378876340786,
            "y": 201.19170573784564,
            "z": -1.0
        },
        {
            "x": 120.81208434063097,
            "y": 62.20983173751554,
            "z": -1.0
        },
        {
            "x": 161.17044208329634,
            "y": 128.02043187914484,
            "z": -1.0
        },
        {
            "x": 105.86442461441837,
            "y": 53.214857430676574,
            "z": -1.0
        },
        {
            "x": 189.75440404842493,
            "y": 144.33753429473518,
            "z": -1.0
        },
        {
            "x": 161.92239236185083,
            "y": 120.34558003366811,
            "z": -1.0
        },
        {
            "x": 197.49951585760573,
            "y": 126.3305344718371,
            "z": -1.0
        },
        {
            "x": 113.23494261641204,
            "y": 48.15152601149467,
            "z": -1.0
        },
        {
            "x": 115.65205392766384,
            "y": 46.423413169406814,
            "z": -1.0
        }
    ],
    "center": {
        "x": 103.88198994724665,
        "y": 115.48828603809808,
        "z": 0.0
    },
    "radius": 50
}