{
    "W": 500,
    "H": 500,
    "depth": 1.0,
    "height": 10.0,
    "num_of_relays": 100,
    "num_of_sensors": 200,
    "relays": [
        {
            "x": 397.15855767328327,
            "y": 206.469835556779,
            "z": 10.0
        },
        {
            "x": 403.41790085778354,
            "y": 215.21649073122435,
            "z": 10.0
        },
        {
            "x": 397.1114106015688,
            "y": 206.02855927710849,
            "z": 10.0
        },
        {
            "x": 385.40433188342024,
            "y": 242.40513047504936,
            "z": 10.0
        },
        {
            "x": 392.80884372669107,
            "y": 228.6123182237243,
            "z": 10.0
        },
        {
            "x": 390.2241425923953,
            "y": 204.42761705302613,
            "z": 10.0
        },
        {
            "x": 417.29748987427126,
            "y": 216.81672189311422,
            "z": 10.0
        },
        {
            "x": 403.9635037935064,
            "y": 233.81373708849424,
            "z": 10.0
        },
        {
            "x": 399.10697233017163,
            "y": 207.90497568862298,
            "z": 10.0
        },
        {
            "x": 409.6201872821283,
            "y": 231.60588307048832,
            "z": 10.0
        },
        {
            "x": 402.3350526434224,
            "y": 245.2580320934454,
            "z": 10.0
        },
        {
            "x": 383.06248655302613,
            "y": 233.58638468418093,
            "z": 10.0
        },
        {
            "x": 418.0317481052258,
            "y": 219.86920135173523,
            "z": 10.0
        },
        {
            "x": 406.5759361987984,
            "y": 236.83126730612344,
            "z": 10.0
        },
        {
            "x": 416.7686363038863,
            "y": 236.18188751668217,
            "z": 10.0
        },
        {
            "x": 411.90207056919974,
            "y": 207.22360075803243,
            "z": 10.0
        },
        {
            "x": 386.88044629363503,
            "y": 235.63796531506117,
            "z": 10.0
        },
        {
            "x": 406.98408108110175,
            "y": 233.61409582951995,
            "z": 10.0
        },
        {
            "x": 408.351680529795,
            "y": 222.62950649264997,
            "z": 10.0
        },
        {
            "x": 411.75853847501963,
            "y": 236.57634663174923,
            "z": 10.0
        },
        {
            "x": 380.4850910841641,
            "y": 219.22441840181858,
            "z": 10.0
        },
        {
            "x": 376.10469240888773,
            "y": 233.02735357300102,
            "z": 10.0
        },
        {
            "x": 384.50637227316224,
            "y": 224.79604098982745,
            "z": 10.0
        },
        {
            "x": 389.4172202251144,
            "y": 239.11680478233396,
            "z": 10.0
        },
        {
            "x": 404.00018439961354,
            "y": 220.197657465047,
            "z": 10.0
        },
        {
            "x": 399.61522565472933,
            "y": 229.37320443717525,
            "z": 10.0
        },
        {
            "x": 402.3549592097986,
            "y": 210.89064073367751,
            "z": 10.0
        },
        {
            "x": 394.9186141898371,
            "y": 238.82886358165055,
            "z": 10.0
        },
        {
            "x": 414.0851690494411,
            "y": 228.72639241181068,
            "z": 10.0
        },
        {
            "x": 403.98227384468055,
            "y": 230.74799038906144,
            "z": 10.0
        },
        {
            "x": 399.3260184167422,
            "y": 221.3316624886011,
            "z": 10.0
        },
        {
            "x": 394.5115949260943,
            "y": 229.21525311513187,
            "z": 10.0
        },
        {
            "x": 382.04015929023626,
            "y": 218.57900999357062,
            "z": 10.0
        },
        {
            "x": 386.3597757646439,
            "y": 241.17342878046918,
            "z": 10.0
        },
        {
            "x": 384.6630044651662,
            "y": 242.5888935927,
            "z": 10.0
        },
        {
            "x": 389.0199721169397,
            "y": 231.8444661664755,
            "z": 10.0
        },
        {
            "x": 386.701926231499,
            "y": 216.32244719235877,
            "z": 10.0
        },
        {
            "x": 405.7360278099992,
            "y": 242.91940996026995,
            "z": 10.0
        },
        {
            "x": 379.755395360359,
            "y": 220.0295121476603,
            "z": 10.0
        },
        {
            "x": 402.9594502073859,
            "y": 229.55130316953958,
            "z": 10.0
        },
        {
            "x": 375.4988159268634,
            "y": 226.62521598330702,
            "z": 10.0
        },
        {
            "x": 391.5931523076776,
            "y": 221.82004817635874,
            "z": 10.0
        },
        {
            "x": 393.8998078152871,
            "y": 209.1469987535249,
            "z": 10.0
        },
        {
            "x": 402.99828267533303,
            "y": 213.9415321463672,
            "z": 10.0
        },
        {
            "x": 401.41235906340904,
            "y": 244.45989677474807,
            "z": 10.0
        },
        {
            "x": 395.94241488578825,
            "y": 223.70522544801253,
            "z": 10.0
        },
        {
            "x": 380.06798615045903,
            "y": 216.31273314761768,
            "z": 10.0
        },
        {
            "x": 386.4113798364654,
            "y": 217.30939818027628,
            "z": 10.0
        },
        {
            "x": 399.05649781368663,
            "y": 231.82612368674336,
            "z": 10.0
        },
        {
            "x": 389.22417620005945,
            "y": 242.61457626727903,
            "z": 10.0
        },
        {
            "x": 411.22620804433177,
            "y": 218.92474299554974,
            "z": 10.0
        },
        {
            "x": 418.2259406686725,
            "y": 232.72363041828504,
            "z": 10.0
        },
        {
            "x": 381.47011114993023,
            "y": 216.9841058732562,
            "z": 10.0
        },
        {
            "x": 390.30108994589386,
            "y": 228.4935643319812,
            "z": 10.0
        },
        {
            "x": 391.44470294462315,
            "y": 216.08617006562122,
            "z": 10.0
        },
        {
            "x": 397.6017389420625,
            "y": 221.7343444251433,
            "z": 10.0
        },
        {
            "x": 405.35675323410794,
            "y": 208.4807097391249,
            "z": 10.0
        },
        {
            "x": 378.5408905886234,
            "y": 234.66460312455956,
            "z": 10.0
        },
        {
            "x": 396.05355600873764,
            "y": 241.7793049048921,
            "z": 10.0
        },
        {
            "x": 405.9012207938031,
            "y": 213.51200276060422,
            "z": 10.0
        },
        {
            "x": 392.62823502374533,
            "y": 212.27534332841424,
            "z": 10.0
        },
        {
            "x": 389.07691125259385,
            "y": 216.41617376144492,
            "z": 10.0
        },
        {
            "x": 386.98833323779075,
            "y": 222.25676234410463,
            "z": 10.0
        },
        {
            "x": 397.5123975303794,
            "y": 239.3578025726361,
            "z": 10.0
        },
        {
            "x": 410.6554852327947,
            "y": 207.1148089579575,
            "z": 10.0
        },
        {
            "x": 410.6824506477261,
            "y": 208.73772150399105,
            "z": 10.0
        },
        {
            "x": 394.28254529471917,
            "y": 225.7168863507831,
            "z": 10.0
        },
        {
            "x": 393.5353676071587,
            "y": 242.4255055417908,
            "z": 10.0
        },
        {
            "x": 399.0865779966417,
            "y": 231.83091866687167,
            "z": 10.0
        },
        {
            "x": 378.88151866485833,
            "y": 215.57407125294696,
            "z": 10.0
        },
        {
            "x": 375.8434294072565,
            "y": 218.24298381027444,
            "z": 10.0
        },
        {
            "x": 380.79890385131955,
            "y": 236.0827978501241,
            "z": 10.0
        },
        {
            "x": 387.14653834573807,
            "y": 233.60348825900365,
            "z": 10.0
        },
        {
            "x": 375.4855276248139,
            "y": 229.76292686011547,
            "z": 10.0
        },
        {
            "x": 404.02844908653947,
            "y": 210.53125781474176,
            "z": 10.0
        },
        {
            "x": 407.6430935564667,
            "y": 238.9150812272089,
            "z": 10.0
        },
        {
            "x": 377.20669835621317,
            "y": 218.7085342040312,
            "z": 10.0
        },
        {
            "x": 417.4151571161427,
            "y": 214.47618877281295,
            "z": 10.0
        },
        {
            "x": 400.95104427161425,
            "y": 203.1947311915392,
            "z": 10.0
        },
        {
            "x": 394.94638303263525,
            "y": 213.43697356845144,
            "z": 10.0
        },
        {
            "x": 393.3047364375606,
            "y": 207.21657978049245,
            "z": 10.0
        },
        {
            "x": 379.64669091749255,
            "y": 227.4226656804902,
            "z": 10.0
        },
        {
            "x": 388.3394203531875,
            "y": 217.90226236297508,
            "z": 10.0
        },
        {
            "x": 405.13805979978395,
            "y": 233.31433672198426,
            "z": 10.0
        },
        {
            "x": 412.66909637968854,
            "y": 209.9003895957032,
            "z": 10.0
        },
        {
            "x": 392.0942889660816,
            "y": 235.50310243078417,
            "z": 10.0
        },
        {
            "x": 391.1759808996792,
            "y": 218.96985436657909,
            "z": 10.0
        },
        {
            "x": 375.14791979600056,
            "y": 225.96340015761353,
            "z": 10.0
        },
        {
            "x": 401.92354391546684,
            "y": 227.14496634701493,
            "z": 10.0
        },
        {
            "x": 400.19739394790406,
            "y": 224.91820875767917,
            "z": 10.0
        },
        {
            "x": 375.0511024031583,
            "y": 227.34126390811426,
            "z": 10.0
        },
        {
            "x": 402.5457227637394,
            "y": 215.0924322318594,
            "z": 10.0
        },
        {
            "x": 388.42550011004573,
            "y": 220.37699702065837,
            "z": 10.0
        },
        {
            "x": 399.63854298023966,
            "y": 229.8114889728891,
            "z": 10.0
        },
        {
            "x": 377.713402804469,
            "y": 226.602628201596,
            "z": 10.0
        },
        {
            "x": 417.1289672971966,
            "y": 223.2783431522343,
            "z": 10.0
        },
        {
            "x": 379.2947926053005,
            "y": 238.09034876620572,
            "z": 10.0
        },
        {
            "x": 409.8275174295543,
            "y": 241.8286902644858,
            "z": 10.0
        },
        {
            "x": 404.7961956256041,
            "y": 217.81942965349003,
            "z": 10.0
        },
        {
            "x": 402.844002200801,
            "y": 215.91690120701588,
            "z": 10.0
        }
    ],
    "sensors": [
        {
            "x": 374.7859714783924,
            "y": 242.5631466093794,
            "z": -1.0
        },
        {
            "x": 390.8647066912857,
            "y": 199.2997365061554,
            "z": -1.0
        },
        {
            "x": 382.1150234991163,
            "y": 199.535852311052,
            "z": -1.0
        },
        {
            "x": 384.8948492124938,
            "y": 264.4921777187882,
            "z": -1.0
        },
        {
            "x": 358.9800172181038,
            "y": 206.73074334671298,
            "z": -1.0
        },
        {
            "x": 419.4342169987651,
            "y": 194.72967365165863,
            "z": -1.0
        },
        {
            "x": 365.93120953602977,
            "y": 220.6995496376293,
            "z": -1.0
        },
        {
            "x": 420.07886950182944,
            "y": 204.13059080955242,
            "z": -1.0
        },
        {
            "x": 400.93896429761196,
            "y": 182.85862378023393,
            "z": -1.0
        },
        {
            "x": 369.2672504091508,
            "y": 211.7046666895849,
            "z": -1.0
        },
        {
            "x": 371.60143031474536,
            "y": 205.97388108824475,
            "z": -1.0
        },
        {
            "x": 362.7857662745583,
            "y": 226.21502168115734,
            "z": -1.0
        },
        {
            "x": 428.043882160348,
            "y": 192.25152639890806,
            "z": -1.0
        },
        {
            "x": 369.9203126213435,
            "y": 198.1258600902243,
            "z": -1.0
        },
        {
            "x": 363.1698983407019,
            "y": 237.67755694902965,
            "z": -1.0
        },
        {
            "x": 369.36865621147945,
            "y": 210.8280356748425,
            "z": -1.0
        },
        {
            "x": 431.74296999562773,
            "y": 207.19045960766243,
            "z": -1.0
        },
        {
            "x": 433.5274131750444,
            "y": 246.29513691787247,
            "z": -1.0
        },
        {
            "x": 388.6085642983535,
            "y": 262.9136687834086,
            "z": -1.0
        },
        {
            "x": 427.2565823223014,
            "y": 255.13373598938387,
            "z": -1.0
        },
        {
            "x": 403.33227756163575,
            "y": 195.51000923497298,
            "z": -1.0
        },
        {
            "x": 411.6524578285645,
            "y": 265.25152214925293,
            "z": -1.0
        },
        {
            "x": 422.9568882782253,
            "y": 232.43452638548584,
            "z": -1.0
        },
        {
            "x": 398.851454942979,
            "y": 252.18941849440537,
            "z": -1.0
        },
        {
            "x": 428.23792714600773,
            "y": 217.05492470701006,
            "z": -1.0
        },
        {
            "x": 400.2828212247428,
            "y": 183.41697905099835,
            "z": -1.0
        },
        {
            "x": 374.18735014887466,
            "y": 197.74594247248018,
            "z": -1.0
        },
        {
            "x": 372.10375058583986,
            "y": 208.60781953099576,
            "z": -1.0
        },
        {
            "x": 422.70854490811064,
            "y": 247.71135230563425,
            "z": -1.0
        },
        {
            "x": 404.6680736455265,
            "y": 264.3139609497405,
            "z": -1.0
        },
        {
            "x": 400.0673664763227,
            "y": 261.5924274906682,
            "z": -1.0
        },
        {
            "x": 424.20810534402756,
            "y": 230.08133490194803,
            "z": -1.0
        },
        {
            "x": 374.4667716864724,
            "y": 213.1923828829299,
            "z": -1.0
        },
        {
            "x": 430.71038884752284,
            "y": 202.79762802863422,
            "z": -1.0
        },
        {
            "x": 358.35470872412816,
            "y": 234.02945201449242,
            "z": -1.0
        },
        {
            "x": 435.8116288966238,
            "y": 234.75944112478845,
            "z": -1.0
        },
        {
            "x": 393.71476005398415,
            "y": 192.31938182361154,
            "z": -1.0
        },
        {
            "x": 425.32495088314454,
            "y": 235.8905141028769,
            "z": -1.0
        },
        {
            "x": 389.88482180806216,
            "y": 249.21778963325173,
            "z": -1.0
        },
        {
            "x": 360.50459256381237,
            "y": 231.94143974309134,
            "z": -1.0
        },
        {
            "x": 353.96002094005433,
            "y": 225.3437078665953,
            "z": -1.0
        },
        {
            "x": 399.04595309451986,
            "y": 184.27587776294536,
            "z": -1.0
        },
        {
            "x": 370.0618247930742,
            "y": 240.4214120453947,
            "z": -1.0
        },
        {
            "x": 417.96845526269385,
            "y": 239.67321356816495,
            "z": -1.0
        },
        {
            "x": 371.3046791150937,
            "y": 209.2531112237498,
            "z": -1.0
        },
        {
            "x": 367.4387771832397,
            "y": 227.2227911661292,
            "z": -1.0
        },
        {
            "x": 391.5589827862674,
            "y": 198.79169642239904,
            "z": -1.0
        },
        {
            "x": 369.5580411119055,
            "y": 196.55257476614116,
            "z": -1.0
        },
        {
            "x": 386.5224892769794,
            "y": 186.85701199152302,
            "z": -1.0
        },
        {
            "x": 366.7798585314623,
            "y": 225.38746616998714,
            "z": -1.0
        },
        {
            "x": 402.1233491853284,
            "y": 248.86727588198588,
            "z": -1.0
        },
        {
            "x": 402.53874065958485,
            "y": 250.14377309211332,
            "z": -1.0
        },
        {
            "x": 405.448217198183,
            "y": 256.61711007806,
            "z": -1.0
        },
        {
            "x": 365.9730215628823,
            "y": 236.87059156805716,
            "z": -1.0
        },
        {
            "x": 425.22969546972513,
            "y": 227.73763471367016,
            "z": -1.0
        },
        {
            "x": 412.0164359530989,
            "y": 260.02107812840455,
            "z": -1.0
        },
        {
            "x": 365.4718292888078,
            "y": 204.0746489092932,
            "z": -1.0
        },
        {
            "x": 421.75778197130194,
            "y": 231.9837501573504,
            "z": -1.0
        },
        {
            "x": 368.00762651919655,
            "y": 229.1962498840358,
            "z": -1.0
        },
        {
            "x": 366.0881982810778,
            "y": 239.82852692290507,
            "z": -1.0
        },
        {
            "x": 432.1706309227096,
            "y": 236.01114526230808,
            "z": -1.0
        },
        {
            "x": 393.72356079582005,
            "y": 184.72625616067648,
            "z": -1.0
        },
        {
            "x": 377.96677765114464,
            "y": 199.22288496020167,
            "z": -1.0
        },
        {
            "x": 419.88284636066317,
            "y": 259.76509346725237,
            "z": -1.0
        },
        {
            "x": 411.5228673930736,
            "y": 186.97262185659457,
            "z": -1.0
        },
        {
            "x": 388.2223336422457,
            "y": 194.56081607038496,
            "z": -1.0
        },
        {
            "x": 395.56668402815643,
            "y": 249.4204088611154,
            "z": -1.0
        },
        {
            "x": 410.114794389023,
            "y": 195.07208891841145,
            "z": -1.0
        },
        {
            "x": 414.63072600546843,
            "y": 199.43179796919753,
            "z": -1.0
        },
        {
            "x": 360.28831228955596,
            "y": 226.81307440064208,
            "z": -1.0
        },
        {
            "x": 369.4044682103179,
            "y": 207.334037123707,
            "z": -1.0
        },
        {
            "x": 396.35567434607464,
            "y": 253.11695507008218,
            "z": -1.0
        },
        {
            "x": 372.6581742554574,
            "y": 228.9257464848107,
            "z": -1.0
        },
        {
            "x": 432.7855329399854,
            "y": 205.8175544892597,
            "z": -1.0
        },
        {
            "x": 383.3193573638099,
            "y": 185.54959889620096,
            "z": -1.0
        },
        {
            "x": 365.33875157405896,
            "y": 227.52288152840322,
            "z": -1.0
        },
        {
            "x": 390.1055180165938,
            "y": 264.76140087600777,
            "z": -1.0
        },
        {
            "x": 423.5610752018596,
            "y": 257.36707505153674,
            "z": -1.0
        },
        {
            "x": 432.5270127682742,
            "y": 228.58467561515482,
            "z": -1.0
        },
        {
            "x": 357.42919535842617,
            "y": 230.58252922365185,
            "z": -1.0
        },
        {
            "x": 400.20484219760954,
            "y": 266.67879543269544,
            "z": -1.0
        },
        {
            "x": 355.3709471723044,
            "y": 234.7049795607091,
            "z": -1.0
        },
        {
            "x": 410.0693290468547,
            "y": 261.52517520532217,
            "z": -1.0
        },
        {
            "x": 377.73413847669536,
            "y": 245.70545108795557,
            "z": -1.0
        },
        {
            "x": 355.669563899848,
            "y": 211.2795905330876,
            "z": -1.0
        },
        {
            "x": 361.75405321350945,
            "y": 243.92614461725688,
            "z": -1.0
        },
        {
            "x": 402.9265116968096,
            "y": 266.2410297384846,
            "z": -1.0
        },
        {
            "x": 429.053668188531,
            "y": 237.07247049973708,
            "z": -1.0
        },
        {
            "x": 392.5100240462957,
            "y": 188.90025255101511,
            "z": -1.0
        },
        {
            "x": 366.80644023306166,
            "y": 209.88249666284833,
            "z": -1.0
        },
        {
            "x": 359.68223139249767,
            "y": 242.1421802066042,
            "z": -1.0
        },
        {
            "x": 440.1056997351475,
            "y": 223.22890842561822,
            "z": -1.0
        },
        {
            "x": 437.6003658833866,
            "y": 220.768887956916,
            "z": -1.0
        },
        {
            "x": 375.5826562660641,
            "y": 250.9160575237689,
            "z": -1.0
        },
        {
            "x": 405.27597084566065,
            "y": 267.2261938812368,
            "z": -1.0
        },
        {
            "x": 413.0147847938529,
            "y": 198.39136098904456,
            "z": -1.0
        },
        {
            "x": 384.1187861828394,
            "y": 187.7586248528669,
            "z": -1.0
        },
        {
            "x": 396.7809385825958,
            "y": 192.71467246327373,
            "z": -1.0
        },
        {
            "x": 372.95361858141024,
            "y": 196.4839659766896,
            "z": -1.0
        },
        {
            "x": 421.2080437715004,
            "y": 237.50619097278536,
            "z": -1.0
        },
        {
            "x": 352.78876316099155,
            "y": 222.04379708165027,
            "z": -1.0
        },
        {
            "x": 361.231551784452,
            "y": 200.1697062565566,
            "z": -1.0
        },
        {
            "x": 444.0915212829698,
            "y": 237.9812153518279,
            "z": -1.0
        },
        {
            "x": 334.95674026574295,
            "y": 205.47035648424583,
            "z": -1.0
        },
        {
            "x": 369.6067293212339,
            "y": 265.3656907862239,
            "z": -1.0
        },
        {
            "x": 372.4958218718168,
            "y": 286.5058798141031,
            "z": -1.0
        },
        {
            "x": 362.8821122414875,
            "y": 190.9199695493295,
            "z": -1.0
        },
        {
            "x": 362.3533193453868,
            "y": 308.14971903654305,
            "z": -1.0
        },
        {
            "x": 315.4331037823146,
            "y": 220.89166235011712,
            "z": -1.0
        },
        {
            "x": 429.8642630711566,
            "y": 257.44359434081855,
            "z": -1.0
        },
        {
            "x": 352.2346373839349,
            "y": 272.2715710026414,
            "z": -1.0
        },
        {
            "x": 357.1986408326984,
            "y": 184.6703583199855,
            "z": -1.0
        },
        {
            "x": 298.7704357073546,
            "y": 218.8150694197797,
            "z": -1.0
        },
        {
            "x": 419.8304566091484,
            "y": 262.97801469868335,
            "z": -1.0
        },
        {
            "x": 438.5470947559578,
            "y": 181.5485690806014,
            "z": -1.0
        },
        {
            "x": 326.6609964084367,
            "y": 186.94290575517982,
            "z": -1.0
        },
        {
            "x": 329.4751528803645,
            "y": 183.3979847017722,
            "z": -1.0
        },
        {
            "x": 443.4415817405402,
            "y": 253.2229401141613,
            "z": -1.0
        },
        {
            "x": 303.74928021998187,
            "y": 218.84556531493175,
            "z": -1.0
        },
        {
            "x": 312.08618961019516,
            "y": 171.41609386879435,
            "z": -1.0
        },
        {
            "x": 462.5276201410321,
            "y": 216.74003936621756,
            "z": -1.0
        },
        {
            "x": 450.0215237108351,
            "y": 226.46944789639434,
            "z": -1.0
        },
        {
            "x": 405.461617931633,
            "y": 172.55137892440627,
            "z": -1.0
        },
        {
            "x": 451.97899510362197,
            "y": 196.2384343694456,
            "z": -1.0
        },
        {
            "x": 288.52847372509996,
            "y": 238.10099146296034,
            "z": -1.0
        },
        {
            "x": 296.76138829383444,
            "y": 203.83531865435984,
            "z": -1.0
        },
        {
            "x": 345.6051606898787,
            "y": 185.9392145939733,
            "z": -1.0
        },
        {
            "x": 302.2229066883737,
            "y": 195.69525450799483,
            "z": -1.0
        },
        {
            "x": 465.4195913184494,
            "y": 243.30928072814123,
            "z": -1.0
        },
        {
            "x": 296.1197742625516,
            "y": 156.5907713967542,
            "z": -1.0
        },
        {
            "x": 312.3875783219916,
            "y": 216.45433189862229,
            "z": -1.0
        },
        {
            "x": 306.9526590779113,
            "y": 236.65653388980272,
            "z": -1.0
        },
        {
            "x": 444.0208511914327,
            "y": 263.61568996502,
            "z": -1.0
        },
        {
            "x": 449.11763305315856,
            "y": 194.13686956920478,
            "z": -1.0
        },
        {
            "x": 327.70986368411855,
            "y": 189.83628366197462,
            "z": -1.0
        },
        {
            "x": 343.9768908094503,
            "y": 273.50238717907587,
            "z": -1.0
        },
        {
            "x": 368.80063686024386,
            "y": 187.6921351776096,
            "z": -1.0
        },
        {
            "x": 301.18276242925174,
            "y": 132.59287385667898,
            "z": -1.0
        },
        {
            "x": 282.4640067640106,
            "y": 185.13560612461856,
            "z": -1.0
        },
        {
            "x": 335.0867177907393,
            "y": 220.71334871279734,
            "z": -1.0
        },
        {
            "x": 308.5316830124951,
            "y": 109.90302587780184,
            "z": -1.0
        },
        {
            "x": 285.91198776720194,
            "y": 250.18067469621022,
            "z": -1.0
        },
        {
            "x": 378.066102801181,
            "y": 266.4589358837198,
            "z": -1.0
        },
        {
            "x": 364.4436308148341,
            "y": 328.7141131937348,
            "z": -1.0
        },
        {
            "x": 378.75007366225117,
            "y": 266.99624477919565,
            "z": -1.0
        },
        {
            "x": 396.2693399422109,
            "y": 272.2021571394862,
            "z": -1.0
        },
        {
            "x": 384.2770152854057,
            "y": 280.51149732949733,
            "z": -1.0
        },
        {
            "x": 369.54091379242584,
            "y": 291.9132943450921,
            "z": -1.0
        },
        {
            "x": 300.82586045431947,
            "y": 182.5585720134446,
            "z": -1.0
        },
        {
            "x": 482.7045854643345,
            "y": 205.08234997255335,
            "z": -1.0
        },
        {
            "x": 301.30580282389064,
            "y": 212.2777035959167,
            "z": -1.0
        },
        {
            "x": 285.6681914389092,
            "y": 202.13983079439944,
            "z": -1.0
        },
        {
            "x": 261.36662357844,
            "y": 246.17229310695322,
            "z": -1.0
        },
        {
            "x": 241.04540784557176,
            "y": 237.7848079316404,
            "z": -1.0
        },
        {
            "x": 322.272678532012,
            "y": 226.751803099026,
            "z": -1.0
        },
        {
            "x": 352.17758017843107,
            "y": 161.00599402643556,
            "z": -1.0
        },
        {
            "x": 299.5609008383635,
            "y": 155.1640380430208,
            "z": -1.0
        },
        {
            "x": 276.3364329053253,
            "y": 185.38118777294898,
            "z": -1.0
        },
        {
            "x": 384.42149434122143,
            "y": 293.61821480465585,
            "z": -1.0
        },
        {
            "x": 246.4887755239548,
            "y": 233.4470050253329,
            "z": -1.0
        },
        {
            "x": 277.72773712440437,
            "y": 156.19372801975786,
            "z": -1.0
        },
        {
            "x": 451.4818818182556,
            "y": 255.94372371960233,
            "z": -1.0
        },
        {
            "x": 452.28174349920675,
            "y": 242.48644289319608,
            "z": -1.0
        },
        {
            "x": 343.52748905929866,
            "y": 193.06355137908022,
            "z": -1.0
        },
        {
            "x": 248.0256277669244,
            "y": 262.206299150666,
            "z": -1.0
        },
        {
            "x": 290.64863330869395,
            "y": 259.1479415875353,
            "z": -1.0
        },
        {
            "x": 311.3190800785869,
            "y": 238.60717133595136,
            "z": -1.0
        },
        {
            "x": 317.4680134633289,
            "y": 246.43016153748934,
            "z": -1.0
        },
        {
            "x": 464.2499189854371,
            "y": 276.9419745301381,
            "z": -1.0
        },
        {
            "x": 288.69761511922246,
            "y": 118.51689039799575,
            "z": -1.0
        },
        {
            "x": 270.0141063318999,
            "y": 215.98726082874208,
            "z": -1.0
        },
        {
            "x": 386.45287621617086,
            "y": 332.8132855604616,
            "z": -1.0
        },
        {
            "x": 344.4670308131682,
            "y": 306.15525012612216,
            "z": -1.0
        },
        {
            "x": 442.71814924242585,
            "y": 235.5816962000249,
            "z": -1.0
        },
        {
            "x": 396.024161170562,
            "y": 274.33518447641177,
            "z": -1.0
        },
        {
            "x": 292.1312221207685,
            "y": 153.0791465671673,
            "z": -1.0
        },
        {
            "x": 377.10925347624885,
            "y": 330.90645081540885,
            "z": -1.0
        },
        {
            "x": 279.9567929064469,
            "y": 166.7556248620499,
            "z": -1.0
        },
        {
            "x": 325.7842824419541,
            "y": 101.07849901110552,
            "z": -1.0
        },
        {
            "x": 349.2545802198662,
            "y": 155.4203133233442,
            "z": -1.0
        },
        {
            "x": 290.13285674712665,
            "y": 186.67781035675898,
            "z": -1.0
        },
        {
            "x": 426.69287557022574,
            "y": 276.8525073303549,
            "z": -1.0
        },
        {
            "x": 299.5181428153049,
            "y": 139.63912711428156,
            "z": -1.0
        },
        {
            "x": 263.74986733654407,
            "y": 269.99441448865537,
            "z": -1.0
        },
        {
            "x": 283.9299905320383,
            "y": 210.74724986431167,
            "z": -1.0
        },
        {
            "x": 280.96405431821125,
            "y": 131.16634672451414,
            "z": -1.0
        },
        {
            "x": 328.4034250298,
            "y": 296.7777099897944,
            "z": -1.0
        },
        {
            "x": 305.5656380378487,
            "y": 166.69029065348087,
            "z": -1.0
        },
        {
            "x": 326.28698826315406,
            "y": 256.48071012113877,
            "z": -1.0
        },
        {
            "x": 346.0301487990168,
            "y": 285.64233961526253,
            "z": -1.0
        },
        {
            "x": 258.35595129670145,
            "y": 243.6394431056687,
            "z": -1.0
        },
        {
            "x": 315.8249599795209,
            "y": 89.71927032160806,
            "z": -1.0
        },
        {
            "x": 226.10948091214115,
            "y": 230.787779018341,
            "z": -1.0
        },
        {
            "x": 325.21774313737416,
            "y": 234.35474962817565,
            "z": -1.0
        },
        {
            "x": 375.0771276910024,
            "y": 181.66232192931597,
            "z": -1.0
        },
        {
            "x": 287.620094440476,
            "y": 187.36980347944316,
            "z": -1.0
        },
        {
            "x": 441.1361007464076,
            "y": 176.74843695300478,
            "z": -1.0
        },
        {
            "x": 445.10217068923146,
            "y": 192.93890579771474,
            "z": -1.0
        },
        {
            "x": 256.1982208594026,
            "y": 131.22915035021595,
            "z": -1.0
        },
        {
            "x": 266.70025512238294,
            "y": 213.99949510712293,
            "z": -1.0
        }
    ],
    "center": {
        "x": 397.22449186902617,
        "y": 224.26520247350652,
        "z": 0.0
    },
    "radius": 25
}