{
    "W": 500,
    "H": 500,
    "depth": 1.0,
    "height": 10.0,
    "num_of_relays": 100,
    "num_of_sensors": 200,
    "relays": [
        {
            "x": 164.14538917466177,
            "y": 279.4118680276118,
            "z": 10.0
        },
        {
            "x": 158.8384036538057,
            "y": 283.0428180608828,
            "z": 10.0
        },
        {
            "x": 184.5536310487848,
            "y": 299.99324886742545,
            "z": 10.0
        },
        {
            "x": 190.75551242154947,
            "y": 267.8726264427803,
            "z": 10.0
        },
        {
            "x": 192.92634194658837,
            "y": 271.84540861058565,
            "z": 10.0
        },
        {
            "x": 169.89281228883794,
            "y": 291.53522984878845,
            "z": 10.0
        },
        {
            "x": 181.09530061620194,
            "y": 266.0921445199558,
            "z": 10.0
        },
        {
            "x": 198.65736615746943,
            "y": 287.58291682707863,
            "z": 10.0
        },
        {
            "x": 197.24102160481814,
            "y": 272.29175693241604,
            "z": 10.0
        },
        {
            "x": 176.29727410538004,
            "y": 282.87535007095596,
            "z": 10.0
        },
        {
            "x": 176.3243316654531,
            "y": 274.90795218233154,
            "z": 10.0
        },
        {
            "x": 189.60463974951708,
            "y": 303.31468647971656,
            "z": 10.0
        },
        {
            "x": 167.90478502197908,
            "y": 299.22361093455373,
            "z": 10.0
        },
        {
            "x": 185.48067306604804,
            "y": 294.40494147175775,
            "z": 10.0
        },
        {
            "x": 198.00806853260232,
            "y": 271.98318377121916,
            "z": 10.0
        },
        {
            "x": 189.4854216491157,
            "y": 295.8322207610534,
            "z": 10.0
        },
        {
            "x": 188.8006023477763,
            "y": 280.72877666213014,
            "z": 10.0
        },
        {
            "x": 191.61121837598972,
            "y": 280.11675656030616,
            "z": 10.0
        },
        {
            "x": 189.12429734259405,
            "y": 270.21377151592617,
            "z": 10.0
        },
        {
            "x": 161.37878177180397,
            "y": 288.84597648880157,
            "z": 10.0
        },
        {
            "x": 184.299825516408,
            "y": 261.48786804496297,
            "z": 10.0
        },
        {
            "x": 164.53835428437725,
            "y": 272.8558032845493,
            "z": 10.0
        },
        {
            "x": 176.99657070187058,
            "y": 298.3619589388442,
            "z": 10.0
        },
        {
            "x": 169.16020129244137,
            "y": 285.4581426837096,
            "z": 10.0
        },
        {
            "x": 168.54440802401288,
            "y": 273.11360431221186,
            "z": 10.0
        },
        {
            "x": 188.79275232026234,
            "y": 278.2139381429892,
            "z": 10.0
        },
        {
            "x": 192.7540544877967,
            "y": 268.28173025169855,
            "z": 10.0
        },
        {
            "x": 173.1995757373993,
            "y": 289.569017360089,
            "z": 10.0
        },
        {
            "x": 179.14353046130822,
            "y": 303.59798800512533,
            "z": 10.0
        },
        {
            "x": 170.70621128372593,
            "y": 287.150340304777,
            "z": 10.0
        },
        {
            "x": 196.3658565329532,
            "y": 275.96037263351303,
            "z": 10.0
        },
        {
            "x": 180.86745777464364,
            "y": 264.1366446458563,
            "z": 10.0
        },
        {
            "x": 163.89843836959227,
            "y": 297.7144103590906,
            "z": 10.0
        },
        {
            "x": 191.21990058596515,
            "y": 264.69206261832477,
            "z": 10.0
        },
        {
            "x": 192.5059304670776,
            "y": 280.86328727385,
            "z": 10.0
        },
        {
            "x": 169.16393735264694,
            "y": 287.06180066734606,
            "z": 10.0
        },
        {
            "x": 194.65951087242084,
            "y": 265.8042441096952,
            "z": 10.0
        },
        {
            "x": 171.69718498228252,
            "y": 300.05337493381523,
            "z": 10.0
        },
        {
            "x": 180.49004350618486,
            "y": 290.43944851589515,
            "z": 10.0
        },
        {
            "x": 178.3954081332622,
            "y": 271.59040636292946,
            "z": 10.0
        },
        {
            "x": 197.57774489895087,
            "y": 297.2936811803095,
            "z": 10.0
        },
        {
            "x": 165.30661502528704,
            "y": 275.4064023205142,
            "z": 10.0
        },
        {
            "x": 173.2064152985764,
            "y": 283.8529778475767,
            "z": 10.0
        },
        {
            "x": 189.8961827525344,
            "y": 289.892014274099,
            "z": 10.0
        },
        {
            "x": 181.4706299431582,
            "y": 274.4500321365814,
            "z": 10.0
        },
        {
            "x": 185.15784752394543,
            "y": 261.4833497281053,
            "z": 10.0
        },
        {
            "x": 161.38202826846893,
            "y": 290.5764085716553,
            "z": 10.0
        },
        {
            "x": 199.1883135164811,
            "y": 290.1924848669779,
            "z": 10.0
        },
        {
            "x": 188.06732786571396,
            "y": 281.82495084488573,
            "z": 10.0
        },
        {
            "x": 160.3559577766978,
            "y": 284.14474827127435,
            "z": 10.0
        },
        {
            "x": 202.07012402701054,
            "y": 275.0847961647496,
            "z": 10.0
        },
        {
            "x": 191.96527597032787,
            "y": 272.20398121893743,
            "z": 10.0
        },
        {
            "x": 201.49486334396667,
            "y": 277.4355513216317,
            "z": 10.0
        },
        {
            "x": 171.3695676822783,
            "y": 265.96441446761213,
            "z": 10.0
        },
        {
            "x": 180.78030847210468,
            "y": 303.33483499255436,
            "z": 10.0
        },
        {
            "x": 169.8400346694218,
            "y": 290.1095847360245,
            "z": 10.0
        },
        {
            "x": 173.4760414068896,
            "y": 300.2476822592948,
            "z": 10.0
        },
        {
            "x": 181.4988778411068,
            "y": 280.7830175013988,
            "z": 10.0
        },
        {
            "x": 184.49795933350106,
            "y": 277.1596010495568,
            "z": 10.0
        },
        {
            "x": 163.6409309145626,
            "y": 274.0479405078243,
            "z": 10.0
        },
        {
            "x": 204.17849028587509,
            "y": 286.65526917951513,
            "z": 10.0
        },
        {
            "x": 164.2528706911624,
            "y": 268.69841193262346,
            "z": 10.0
        },
        {
            "x": 185.99666648056424,
            "y": 296.7933830758728,
            "z": 10.0
        },
        {
            "x": 195.5660527965548,
            "y": 290.4358950190364,
            "z": 10.0
        },
        {
            "x": 183.4918067783654,
            "y": 268.54871893426997,
            "z": 10.0
        },
        {
            "x": 181.9298887930706,
            "y": 303.3266176915734,
            "z": 10.0
        },
        {
            "x": 192.30494124470815,
            "y": 264.9136590511426,
            "z": 10.0
        },
        {
            "x": 170.91641307381212,
            "y": 298.07003283076773,
            "z": 10.0
        },
        {
            "x": 181.86425936840538,
            "y": 276.7644476621807,
            "z": 10.0
        },
        {
            "x": 168.10020333165477,
            "y": 271.58431243272884,
            "z": 10.0
        },
        {
            "x": 184.97525517068723,
            "y": 270.191812203337,
            "z": 10.0
        },
        {
            "x": 195.77985216975614,
            "y": 284.11847846663795,
            "z": 10.0
        },
        {
            "x": 203.08348241465447,
            "y": 287.3192723870726,
            "z": 10.0
        },
        {
            "x": 177.93636682763514,
            "y": 277.2408621413362,
            "z": 10.0
        },
        {
            "x": 167.67142706946524,
            "y": 300.0578089448604,
            "z": 10.0
        },
        {
            "x": 184.54153828608645,
            "y": 300.7022922684045,
            "z": 10.0
        },
        {
            "x": 168.47127013102747,
            "y": 297.1322224928166,
            "z": 10.0
        },
        {
            "x": 167.56777263438576,
            "y": 278.1556906463814,
            "z": 10.0
        },
        {
            "x": 167.9834788186515,
            "y": 294.8543176695091,
            "z": 10.0
        },
        {
            "x": 197.32538189806849,
            "y": 274.39791032421243,
            "z": 10.0
        },
        {
            "x": 182.762025136042,
            "y": 296.59867187606005,
            "z": 10.0
        },
        {
            "x": 186.83586471031094,
            "y": 302.0261058381343,
            "z": 10.0
        },
        {
            "x": 171.05240280231254,
            "y": 265.19665389279453,
            "z": 10.0
        },
        {
            "x": 182.18848251549701,
            "y": 276.6731663198334,
            "z": 10.0
        },
        {
            "x": 194.42485743335368,
            "y": 299.836315734117,
            "z": 10.0
        },
        {
            "x": 168.70467618529938,
            "y": 287.94637800399585,
            "z": 10.0
        },
        {
            "x": 177.1081318936844,
            "y": 297.5735044490949,
            "z": 10.0
        },
        {
            "x": 196.58805664515157,
            "y": 272.28547423493825,
            "z": 10.0
        },
        {
            "x": 171.1832745466031,
            "y": 301.8748335570525,
            "z": 10.0
        },
        {
            "x": 192.59292177750015,
            "y": 266.5645988777336,
            "z": 10.0
        },
        {
            "x": 195.16892241968154,
            "y": 301.4172583888582,
            "z": 10.0
        },
        {
            "x": 166.90697373267133,
            "y": 280.69047299899756,
            "z": 10.0
        },
        {
            "x": 178.9833775552059,
            "y": 275.340447811329,
            "z": 10.0
        },
        {
            "x": 170.54275132347186,
            "y": 271.41135364063723,
            "z": 10.0
        },
        {
            "x": 176.11917848709368,
            "y": 267.1925085883433,
            "z": 10.0
        },
        {
            "x": 185.5463083432276,
            "y": 293.35350819137983,
            "z": 10.0
        },
        {
            "x": 164.21569735963027,
            "y": 271.27549240117474,
            "z": 10.0
        },
        {
            "x": 172.1442822537454,
            "y": 267.5475827084279,
            "z": 10.0
        },
        {
            "x": 193.45963938099774,
            "y": 288.6073941296437,
            "z": 10.0
        },
        {
            "x": 196.04511195201428,
            "y": 290.84970415970236,
            "z": 10.0
        }
    ],
    "sensors": [
        {
            "x": 191.3179804694238,
            "y": 251.3373169551646,
            "z": -1.0
        },
        {
            "x": 210.78084330840824,
            "y": 272.71943118405744,
            "z": -1.0
        },
        {
            "x": 208.74197640412933,
            "y": 278.06336452580666,
            "z": -1.0
        },
        {
            "x": 166.6851102688668,
            "y": 244.5753797641069,
            "z": -1.0
        },
        {
            "x": 200.61576130104046,
            "y": 309.7939622816788,
            "z": -1.0
        },
        {
            "x": 211.24374663565615,
            "y": 287.21601399733487,
            "z": -1.0
        },
        {
            "x": 211.7238470115772,
            "y": 310.24589848346193,
            "z": -1.0
        },
        {
            "x": 149.55235618890066,
            "y": 275.10392275898937,
            "z": -1.0
        },
        {
            "x": 192.8313274626246,
            "y": 248.08089684073815,
            "z": -1.0
        },
        {
            "x": 158.91055015111894,
            "y": 307.8778614374946,
            "z": -1.0
        },
        {
            "x": 209.65605982032838,
            "y": 311.71443577987696,
            "z": -1.0
        },
        {
            "x": 193.48403068396948,
            "y": 317.702967048741,
            "z": -1.0
        },
        {
            "x": 226.35231151622392,
            "y": 285.53699247798664,
            "z": -1.0
        },
        {
            "x": 167.12439693768854,
            "y": 253.17950248555604,
            "z": -1.0
        },
        {
            "x": 210.94794754801643,
            "y": 313.45494206137255,
            "z": -1.0
        },
        {
            "x": 197.63740529101915,
            "y": 317.5733772883429,
            "z": -1.0
        },
        {
            "x": 173.13702684273287,
            "y": 250.09426230283898,
            "z": -1.0
        },
        {
            "x": 209.39826366538222,
            "y": 282.24425293287925,
            "z": -1.0
        },
        {
            "x": 181.93428590081567,
            "y": 320.1886755205253,
            "z": -1.0
        },
        {
            "x": 158.51067113186545,
            "y": 273.6634302992692,
            "z": -1.0
        },
        {
            "x": 203.2367913052492,
            "y": 317.3227737898334,
            "z": -1.0
        },
        {
            "x": 207.16643634541165,
            "y": 284.54275118217146,
            "z": -1.0
        },
        {
            "x": 188.57159438732197,
            "y": 313.61688191436417,
            "z": -1.0
        },
        {
            "x": 159.75075134435662,
            "y": 303.71327010051886,
            "z": -1.0
        },
        {
            "x": 193.59740303720847,
            "y": 317.3845749646576,
            "z": -1.0
        },
        {
            "x": 189.93270254819538,
            "y": 252.23143733716313,
            "z": -1.0
        },
        {
            "x": 164.41317010421858,
            "y": 317.84895970956626,
            "z": -1.0
        },
        {
            "x": 150.47855667346155,
            "y": 252.69423541108605,
            "z": -1.0
        },
        {
            "x": 216.0479197364225,
            "y": 261.7991373400948,
            "z": -1.0
        },
        {
            "x": 189.38844347131268,
            "y": 247.00123755913916,
            "z": -1.0
        },
        {
            "x": 225.63822088104695,
            "y": 290.6053898961197,
            "z": -1.0
        },
        {
            "x": 154.08372772030015,
            "y": 280.07249998165975,
            "z": -1.0
        },
        {
            "x": 206.94989261084973,
            "y": 313.56290297771125,
            "z": -1.0
        },
        {
            "x": 225.47782301497372,
            "y": 283.3252765490735,
            "z": -1.0
        },
        {
            "x": 196.11956505481166,
            "y": 251.78734295759986,
            "z": -1.0
        },
        {
            "x": 204.56997590358472,
            "y": 262.9476289993656,
            "z": -1.0
        },
        {
            "x": 218.4666042112456,
            "y": 271.90945391050707,
            "z": -1.0
        },
        {
            "x": 208.43435227717194,
            "y": 249.40819481956507,
            "z": -1.0
        },
        {
            "x": 219.73204106058003,
            "y": 275.94465523610876,
            "z": -1.0
        },
        {
            "x": 220.76443691958215,
            "y": 294.84678773489964,
            "z": -1.0
        },
        {
            "x": 145.66093151544746,
            "y": 260.12317621731563,
            "z": -1.0
        },
        {
            "x": 147.19463578466778,
            "y": 296.4417122312926,
            "z": -1.0
        },
        {
            "x": 197.35222513792928,
            "y": 254.232710840792,
            "z": -1.0
        },
        {
            "x": 167.877429803919,
            "y": 320.3522295285018,
            "z": -1.0
        },
        {
            "x": 201.03465027730033,
            "y": 251.24414946975122,
            "z": -1.0
        },
        {
            "x": 199.6479815055886,
            "y": 250.32285910903747,
            "z": -1.0
        },
        {
            "x": 219.38386051816133,
            "y": 301.91211005047955,
            "z": -1.0
        },
        {
            "x": 184.0836514371696,
            "y": 314.6344323693177,
            "z": -1.0
        },
        {
            "x": 191.77638057140328,
            "y": 253.50110635167218,
            "z": -1.0
        },
        {
            "x": 148.37709027892527,
            "y": 312.9465048179564,
            "z": -1.0
        },
        {
            "x": 211.696480115588,
            "y": 291.6249999617121,
            "z": -1.0
        },
        {
            "x": 180.32172959880228,
            "y": 310.882177876552,
            "z": -1.0
        },
        {
            "x": 206.3883998287722,
            "y": 302.437737244649,
            "z": -1.0
        },
        {
            "x": 145.7993324604966,
            "y": 299.7868600276508,
            "z": -1.0
        },
        {
            "x": 195.95047047636322,
            "y": 259.1074448965946,
            "z": -1.0
        },
        {
            "x": 205.96260358856833,
            "y": 303.9340041221555,
            "z": -1.0
        },
        {
            "x": 186.50372271278033,
            "y": 252.89726424995368,
            "z": -1.0
        },
        {
            "x": 152.73422033260158,
            "y": 277.4467382418185,
            "z": -1.0
        },
        {
            "x": 200.41167436958202,
            "y": 322.51541479049035,
            "z": -1.0
        },
        {
            "x": 209.75873362679732,
            "y": 250.12279583766895,
            "z": -1.0
        },
        {
            "x": 200.56933781260577,
            "y": 260.6617013936743,
            "z": -1.0
        },
        {
            "x": 151.56424324071875,
            "y": 259.8812686592642,
            "z": -1.0
        },
        {
            "x": 208.45840250175308,
            "y": 275.78484634323706,
            "z": -1.0
        },
        {
            "x": 161.6458606867972,
            "y": 318.57165713925673,
            "z": -1.0
        },
        {
            "x": 189.257420977733,
            "y": 322.6357458381621,
            "z": -1.0
        },
        {
            "x": 167.566458559678,
            "y": 262.65600580309257,
            "z": -1.0
        },
        {
            "x": 162.48724403791743,
            "y": 300.3493361791673,
            "z": -1.0
        },
        {
            "x": 175.0476672611752,
            "y": 317.08396448828887,
            "z": -1.0
        },
        {
            "x": 180.25543315570275,
            "y": 247.83844134704918,
            "z": -1.0
        },
        {
            "x": 166.19637151797357,
            "y": 306.8228541257616,
            "z": -1.0
        },
        {
            "x": 180.9902932912184,
            "y": 309.8203101719949,
            "z": -1.0
        },
        {
            "x": 215.06795926620038,
            "y": 265.9039816469819,
            "z": -1.0
        },
        {
            "x": 141.24221287617317,
            "y": 278.2261824930704,
            "z": -1.0
        },
        {
            "x": 148.80691730909075,
            "y": 273.79487375278956,
            "z": -1.0
        },
        {
            "x": 188.73686579801907,
            "y": 308.5102117094016,
            "z": -1.0
        },
        {
            "x": 187.1205818678362,
            "y": 316.3516648771077,
            "z": -1.0
        },
        {
            "x": 190.37365209680806,
            "y": 309.8921819879975,
            "z": -1.0
        },
        {
            "x": 170.467791913211,
            "y": 257.2263023821898,
            "z": -1.0
        },
        {
            "x": 167.73082560373297,
            "y": 251.00219225257104,
            "z": -1.0
        },
        {
            "x": 194.94825404901982,
            "y": 261.74286716065626,
            "z": -1.0
        },
        {
            "x": 153.69802803876658,
            "y": 297.8843915267087,
            "z": -1.0
        },
        {
            "x": 153.84454174059448,
            "y": 301.2176879601855,
            "z": -1.0
        },
        {
            "x": 142.04614786410568,
            "y": 295.8677892641493,
            "z": -1.0
        },
        {
            "x": 147.50426236742453,
            "y": 289.5080015005657,
            "z": -1.0
        },
        {
            "x": 187.61377927062205,
            "y": 242.09953886743952,
            "z": -1.0
        },
        {
            "x": 211.4716848079356,
            "y": 261.71872170380067,
            "z": -1.0
        },
        {
            "x": 144.83067570548332,
            "y": 298.8828910895425,
            "z": -1.0
        },
        {
            "x": 148.6487535253741,
            "y": 307.8327800931556,
            "z": -1.0
        },
        {
            "x": 153.12086718868267,
            "y": 287.04554248805954,
            "z": -1.0
        },
        {
            "x": 193.24658444502185,
            "y": 321.0339525618833,
            "z": -1.0
        },
        {
            "x": 175.50225884756492,
            "y": 253.58512407599514,
            "z": -1.0
        },
        {
            "x": 191.10483344561902,
            "y": 325.10676709138994,
            "z": -1.0
        },
        {
            "x": 210.79960661696094,
            "y": 287.1419040762746,
            "z": -1.0
        },
        {
            "x": 166.612370236155,
            "y": 314.1559376396796,
            "z": -1.0
        },
        {
            "x": 211.9115089734182,
            "y": 261.74971692222994,
            "z": -1.0
        },
        {
            "x": 163.4535820610224,
            "y": 266.06285302065106,
            "z": -1.0
        },
        {
            "x": 190.47611839106955,
            "y": 245.2331618095567,
            "z": -1.0
        },
        {
            "x": 147.34256498238014,
            "y": 302.3764112729287,
            "z": -1.0
        },
        {
            "x": 156.09030106449694,
            "y": 279.80465621982063,
            "z": -1.0
        },
        {
            "x": 152.95214284339076,
            "y": 288.30386996718437,
            "z": -1.0
        },
        {
            "x": 231.07905760035706,
            "y": 265.08655303008493,
            "z": -1.0
        },
        {
            "x": 184.1559604523256,
            "y": 228.74224530776283,
            "z": -1.0
        },
        {
            "x": 123.83879132424002,
            "y": 283.2552008379581,
            "z": -1.0
        },
        {
            "x": 216.99227238874553,
            "y": 234.99347781761642,
            "z": -1.0
        },
        {
            "x": 183.01186219349947,
            "y": 336.1673697159469,
            "z": -1.0
        },
        {
            "x": 130.35951136246172,
            "y": 305.5389282437558,
            "z": -1.0
        },
        {
            "x": 243.9914439055697,
            "y": 288.8636552558251,
            "z": -1.0
        },
        {
            "x": 250.391540068735,
            "y": 298.55278961446055,
            "z": -1.0
        },
        {
            "x": 180.92404375882015,
            "y": 331.8766355369038,
            "z": -1.0
        },
        {
            "x": 177.11973826527205,
            "y": 340.92714876880865,
            "z": -1.0
        },
        {
            "x": 136.84009939859942,
            "y": 328.87149159479446,
            "z": -1.0
        },
        {
            "x": 211.360183093096,
            "y": 238.04001221951938,
            "z": -1.0
        },
        {
            "x": 124.17520429221118,
            "y": 275.5165935621085,
            "z": -1.0
        },
        {
            "x": 233.98228623870293,
            "y": 224.0603642317764,
            "z": -1.0
        },
        {
            "x": 179.69549295635372,
            "y": 229.71261442576463,
            "z": -1.0
        },
        {
            "x": 230.27217952513735,
            "y": 262.8825295340212,
            "z": -1.0
        },
        {
            "x": 123.49174201241885,
            "y": 278.48313875548314,
            "z": -1.0
        },
        {
            "x": 233.83634488706267,
            "y": 291.4636526495596,
            "z": -1.0
        },
        {
            "x": 154.39591197388043,
            "y": 224.01009495330115,
            "z": -1.0
        },
        {
            "x": 149.58336610694795,
            "y": 250.53602843362484,
            "z": -1.0
        },
        {
            "x": 112.25734992225279,
            "y": 297.5626632695524,
            "z": -1.0
        },
        {
            "x": 265.0514305356886,
            "y": 304.02890142002474,
            "z": -1.0
        },
        {
            "x": 191.52057360704055,
            "y": 330.2429163909253,
            "z": -1.0
        },
        {
            "x": 119.29689040098063,
            "y": 271.2332731055464,
            "z": -1.0
        },
        {
            "x": 244.69395463894034,
            "y": 267.6140797872686,
            "z": -1.0
        },
        {
            "x": 230.45483271686612,
            "y": 328.47527799018604,
            "z": -1.0
        },
        {
            "x": 135.86843124723052,
            "y": 243.19266013973805,
            "z": -1.0
        },
        {
            "x": 265.90107803558135,
            "y": 292.1339014744151,
            "z": -1.0
        },
        {
            "x": 263.9251682038017,
            "y": 307.34186437339866,
            "z": -1.0
        },
        {
            "x": 238.13562680271232,
            "y": 313.1677495373767,
            "z": -1.0
        },
        {
            "x": 189.75715856577153,
            "y": 224.24586101277922,
            "z": -1.0
        },
        {
            "x": 143.9315889872172,
            "y": 335.2110390622301,
            "z": -1.0
        },
        {
            "x": 274.9073659742691,
            "y": 281.2864391160822,
            "z": -1.0
        },
        {
            "x": 149.5507750022919,
            "y": 338.8381547550965,
            "z": -1.0
        },
        {
            "x": 88.40614030243276,
            "y": 300.21371246221855,
            "z": -1.0
        },
        {
            "x": 122.707044012423,
            "y": 258.35503646301976,
            "z": -1.0
        },
        {
            "x": 227.13049461185543,
            "y": 296.3820423228541,
            "z": -1.0
        },
        {
            "x": 179.7511636437301,
            "y": 227.54085682445063,
            "z": -1.0
        },
        {
            "x": 244.93040620278066,
            "y": 310.2545039003106,
            "z": -1.0
        },
        {
            "x": 232.90920258864156,
            "y": 204.96988482323047,
            "z": -1.0
        },
        {
            "x": 239.4927104926252,
            "y": 319.1941528670496,
            "z": -1.0
        },
        {
            "x": 138.33166922179663,
            "y": 296.03703165502657,
            "z": -1.0
        },
        {
            "x": 287.44448114427024,
            "y": 289.18324585969333,
            "z": -1.0
        },
        {
            "x": 268.24688780256304,
            "y": 319.96890546356747,
            "z": -1.0
        },
        {
            "x": 267.36633061588344,
            "y": 333.9573403635655,
            "z": -1.0
        },
        {
            "x": 256.4994376403588,
            "y": 320.60298579559924,
            "z": -1.0
        },
        {
            "x": 292.0476519720871,
            "y": 332.60596376971307,
            "z": -1.0
        },
        {
            "x": 184.69546440110352,
            "y": 218.003898964732,
            "z": -1.0
        },
        {
            "x": 255.09569856244107,
            "y": 208.35975870400924,
            "z": -1.0
        },
        {
            "x": 141.3245474391495,
            "y": 266.6721750948841,
            "z": -1.0
        },
        {
            "x": 93.21256883830625,
            "y": 279.5738175225879,
            "z": -1.0
        },
        {
            "x": 245.1000342541947,
            "y": 317.54985167230996,
            "z": -1.0
        },
        {
            "x": 200.23698063614341,
            "y": 239.80797285426735,
            "z": -1.0
        },
        {
            "x": 110.49945599353772,
            "y": 277.67438897273075,
            "z": -1.0
        },
        {
            "x": 277.70235859609085,
            "y": 315.33296525668567,
            "z": -1.0
        },
        {
            "x": 106.37061710231232,
            "y": 291.42498337796764,
            "z": -1.0
        },
        {
            "x": 212.9777047517899,
            "y": 213.63049347780384,
            "z": -1.0
        },
        {
            "x": 305.4140938509192,
            "y": 333.8895301098176,
            "z": -1.0
        },
        {
            "x": 300.33832203298937,
            "y": 269.47880485193804,
            "z": -1.0
        },
        {
            "x": 219.15344216343314,
            "y": 313.0515550524421,
            "z": -1.0
        },
        {
            "x": 301.0980292519184,
            "y": 321.07639903162743,
            "z": -1.0
        },
        {
            "x": 70.06313647834838,
            "y": 284.65961023423,
            "z": -1.0
        },
        {
            "x": 77.30107886146898,
            "y": 287.45422940095665,
            "z": -1.0
        },
        {
            "x": 124.2094036866424,
            "y": 252.59172783402167,
            "z": -1.0
        },
        {
            "x": 195.52271497819007,
            "y": 205.69759853298424,
            "z": -1.0
        },
        {
            "x": 255.97712685812414,
            "y": 264.23729712727317,
            "z": -1.0
        },
        {
            "x": 296.4307177786148,
            "y": 250.82390653802682,
            "z": -1.0
        },
        {
            "x": 133.6324813587133,
            "y": 308.7048606551771,
            "z": -1.0
        },
        {
            "x": 300.44997051552133,
            "y": 266.3032733709726,
            "z": -1.0
        },
        {
            "x": 181.62059997890373,
            "y": 361.6786013396527,
            "z": -1.0
        },
        {
            "x": 53.44322801890217,
            "y": 267.3884929906756,
            "z": -1.0
        },
        {
            "x": 247.71594821960858,
            "y": 216.2783869902486,
            "z": -1.0
        },
        {
            "x": 122.82522987063548,
            "y": 317.50230852133734,
            "z": -1.0
        },
        {
            "x": 116.0970833684205,
            "y": 285.1500606780588,
            "z": -1.0
        },
        {
            "x": 298.4830985952569,
            "y": 352.7073791809193,
            "z": -1.0
        },
        {
            "x": 298.6396050070208,
            "y": 303.1270561740249,
            "z": -1.0
        },
        {
            "x": 298.9727833530475,
            "y": 268.31013167573775,
            "z": -1.0
        },
        {
            "x": 127.32890825543846,
            "y": 266.0559518606479,
            "z": -1.0
        },
        {
            "x": 225.1734049514224,
            "y": 194.87240360632924,
            "z": -1.0
        },
        {
            "x": 232.70385459790188,
            "y": 319.5532919072053,
            "z": -1.0
        },
        {
            "x": 89.12366614411604,
            "y": 322.57926868297625,
            "z": -1.0
        },
        {
            "x": 108.49775387891103,
            "y": 265.55103202543904,
            "z": -1.0
        },
        {
            "x": 315.8540121331641,
            "y": 298.8716660705739,
            "z": -1.0
        },
        {
            "x": 156.24040959739744,
            "y": 244.32114016875695,
            "z": -1.0
        },
        {
            "x": 137.19798909861336,
            "y": 236.47799331718133,
            "z": -1.0
        },
        {
            "x": 133.90818904656325,
            "y": 270.0936486461302,
            "z": -1.0
        },
        {
            "x": 222.0746411340301,
            "y": 308.04481703724474,
            "z": -1.0
        },
        {
            "x": 36.484069670470355,
            "y": 261.8124367186924,
            "z": -1.0
        },
        {
            "x": 225.5057265330515,
            "y": 323.6933867886352,
            "z": -1.0
        },
        {
            "x": 98.15382566944375,
            "y": 321.456780720836,
            "z": -1.0
        },
        {
            "x": 52.35835379340853,
            "y": 279.12055324991235,
            "z": -1.0
        },
        {
            "x": 267.2224990213482,
            "y": 249.99599389287707,
            "z": -1.0
        },
        {
            "x": 96.28391127141583,
            "y": 305.28964727244676,
            "z": -1.0
        },
        {
            "x": 146.64495350443795,
            "y": 328.8922733491738,
            "z": -1.0
        },
        {
            "x": 199.2609777397275,
            "y": 206.94723449713197,
            "z": -1.0
        },
        {
            "x": 267.2657649273498,
            "y": 246.12047285150663,
            "z": -1.0
        },
        {
            "x": 270.217086976035,
            "y": 257.71291655735644,
            "z": -1.0
        },
        {
            "x": 47.692771818870995,
            "y": 301.5770024029882,
            "z": -1.0
        },
        {
            "x": 136.60993797082483,
            "y": 235.1452666475179,
            "z": -1.0
        },
        {
            "x": 212.08380953218094,
            "y": 330.75025195555094,
            "z": -1.0
        }
    ],
    "center": {
        "x": 181.4995140515992,
        "y": 283.4596953805875,
        "z": 0.0
    },
    "radius": 25
}