{
    "W": 500,
    "H": 500,
    "depth": 1.0,
    "height": 10.0,
    "num_of_relays": 100,
    "num_of_sensors": 100,
    "relays": [
        {
            "x": 215.56829566260998,
            "y": 344.57895291555303,
            "z": 10.0
        },
        {
            "x": 185.9189875648724,
            "y": 400.3571103468348,
            "z": 10.0
        },
        {
            "x": 167.10045806578682,
            "y": 355.43549152258703,
            "z": 10.0
        },
        {
            "x": 214.15706303588837,
            "y": 383.2791343338704,
            "z": 10.0
        },
        {
            "x": 210.15555255644963,
            "y": 376.1531675176571,
            "z": 10.0
        },
        {
            "x": 196.5937267748032,
            "y": 334.86376629994874,
            "z": 10.0
        },
        {
            "x": 153.01197066728344,
            "y": 364.71234333121447,
            "z": 10.0
        },
        {
            "x": 169.2850753142821,
            "y": 400.6263629160421,
            "z": 10.0
        },
        {
            "x": 159.52814984486864,
            "y": 367.22309459614524,
            "z": 10.0
        },
        {
            "x": 173.80045831211976,
            "y": 402.60251546385354,
            "z": 10.0
        },
        {
            "x": 214.10357931368475,
            "y": 386.7887393998524,
            "z": 10.0
        },
        {
            "x": 174.04395271835543,
            "y": 377.2593703588186,
            "z": 10.0
        },
        {
            "x": 159.0500294432079,
            "y": 412.0762246103766,
            "z": 10.0
        },
        {
            "x": 153.73852961786028,
            "y": 376.6031111686095,
            "z": 10.0
        },
        {
            "x": 178.51898050177613,
            "y": 404.49066029086237,
            "z": 10.0
        },
        {
            "x": 191.35136049512818,
            "y": 415.184822987494,
            "z": 10.0
        },
        {
            "x": 163.15641358282673,
            "y": 393.48049902848015,
            "z": 10.0
        },
        {
            "x": 168.048736941521,
            "y": 382.5928521656074,
            "z": 10.0
        },
        {
            "x": 225.46129336872457,
            "y": 383.9793730069875,
            "z": 10.0
        },
        {
            "x": 136.27370204270335,
            "y": 374.681938632899,
            "z": 10.0
        },
        {
            "x": 175.06093072644413,
            "y": 360.25671076649286,
            "z": 10.0
        },
        {
            "x": 146.15332935398484,
            "y": 339.44699620108344,
            "z": 10.0
        },
        {
            "x": 184.85429856728297,
            "y": 336.0667679271305,
            "z": 10.0
        },
        {
            "x": 140.06750152857433,
            "y": 353.56098948746455,
            "z": 10.0
        },
        {
            "x": 167.66780019360004,
            "y": 372.79028337986654,
            "z": 10.0
        },
        {
            "x": 199.59117057442572,
            "y": 331.5837266511809,
            "z": 10.0
        },
        {
            "x": 204.89681476544087,
            "y": 364.87579529924784,
            "z": 10.0
        },
        {
            "x": 169.99146762666456,
            "y": 335.54780802489665,
            "z": 10.0
        },
        {
            "x": 181.14623669357326,
            "y": 391.97274202375405,
            "z": 10.0
        },
        {
            "x": 173.87160045999255,
            "y": 329.4780157917625,
            "z": 10.0
        },
        {
            "x": 187.86572880069085,
            "y": 415.00366799325377,
            "z": 10.0
        },
        {
            "x": 180.60532102437298,
            "y": 328.3541636262925,
            "z": 10.0
        },
        {
            "x": 135.40845801678947,
            "y": 362.7727673647071,
            "z": 10.0
        },
        {
            "x": 197.31650508130528,
            "y": 355.08403268484955,
            "z": 10.0
        },
        {
            "x": 198.6630736480973,
            "y": 393.9180186950992,
            "z": 10.0
        },
        {
            "x": 181.9927950109238,
            "y": 351.13734565984305,
            "z": 10.0
        },
        {
            "x": 219.28151372434752,
            "y": 346.58505173970303,
            "z": 10.0
        },
        {
            "x": 190.32757207031813,
            "y": 409.2217180014151,
            "z": 10.0
        },
        {
            "x": 173.78694724328702,
            "y": 409.3641378220806,
            "z": 10.0
        },
        {
            "x": 172.3664540976644,
            "y": 358.63072691007415,
            "z": 10.0
        },
        {
            "x": 179.90762383455316,
            "y": 327.70961293576823,
            "z": 10.0
        },
        {
            "x": 181.44357138582473,
            "y": 348.5002857244004,
            "z": 10.0
        },
        {
            "x": 177.20182900091763,
            "y": 344.4558190254189,
            "z": 10.0
        },
        {
            "x": 214.49385344797483,
            "y": 390.7594995779764,
            "z": 10.0
        },
        {
            "x": 171.91933757453748,
            "y": 390.7060272826898,
            "z": 10.0
        },
        {
            "x": 206.58367717709191,
            "y": 366.65517732945443,
            "z": 10.0
        },
        {
            "x": 205.78685998934333,
            "y": 331.90359949266275,
            "z": 10.0
        },
        {
            "x": 156.68037200736845,
            "y": 404.4146496816263,
            "z": 10.0
        },
        {
            "x": 195.22499400241688,
            "y": 329.9671612077628,
            "z": 10.0
        },
        {
            "x": 179.43237766281857,
            "y": 335.18238427361064,
            "z": 10.0
        },
        {
            "x": 207.57611775965208,
            "y": 353.1960921706823,
            "z": 10.0
        },
        {
            "x": 216.91878564156875,
            "y": 350.8535813375667,
            "z": 10.0
        },
        {
            "x": 169.82652410450655,
            "y": 412.03978706491296,
            "z": 10.0
        },
        {
            "x": 201.5907637794909,
            "y": 330.2834601244674,
            "z": 10.0
        },
        {
            "x": 219.11469209598621,
            "y": 369.9607280335862,
            "z": 10.0
        },
        {
            "x": 219.2413857006464,
            "y": 380.07756070742647,
            "z": 10.0
        },
        {
            "x": 182.25379257911462,
            "y": 375.10030273969835,
            "z": 10.0
        },
        {
            "x": 221.90492077622508,
            "y": 352.76583511954993,
            "z": 10.0
        },
        {
            "x": 188.0068998756429,
            "y": 407.8026211131568,
            "z": 10.0
        },
        {
            "x": 203.60076323570715,
            "y": 373.9882892769743,
            "z": 10.0
        },
        {
            "x": 216.5538188930415,
            "y": 390.5582831560818,
            "z": 10.0
        },
        {
            "x": 209.69776338032887,
            "y": 356.9231449392904,
            "z": 10.0
        },
        {
            "x": 215.6200823553775,
            "y": 363.73024607774295,
            "z": 10.0
        },
        {
            "x": 172.58266945496925,
            "y": 359.5074000041781,
            "z": 10.0
        },
        {
            "x": 210.94449348724714,
            "y": 351.9169976564774,
            "z": 10.0
        },
        {
            "x": 201.9937636857007,
            "y": 394.8747944285432,
            "z": 10.0
        },
        {
            "x": 190.50504205161494,
            "y": 389.57736619275664,
            "z": 10.0
        },
        {
            "x": 179.189376197725,
            "y": 385.36120161320576,
            "z": 10.0
        },
        {
            "x": 182.47473973544098,
            "y": 372.06576663366417,
            "z": 10.0
        },
        {
            "x": 161.55307780450295,
            "y": 411.7250349767568,
            "z": 10.0
        },
        {
            "x": 171.934544829137,
            "y": 389.99748518634635,
            "z": 10.0
        },
        {
            "x": 158.6927351952448,
            "y": 350.4035680142667,
            "z": 10.0
        },
        {
            "x": 134.5723568483293,
            "y": 357.9767248790603,
            "z": 10.0
        },
        {
            "x": 180.301090642214,
            "y": 367.03391377960196,
            "z": 10.0
        },
        {
            "x": 201.0692142475189,
            "y": 336.03653315630805,
            "z": 10.0
        },
        {
            "x": 202.81332749929254,
            "y": 408.7965589554969,
            "z": 10.0
        },
        {
            "x": 176.18105723009825,
            "y": 377.58272861518697,
            "z": 10.0
        },
        {
            "x": 158.93400408704323,
            "y": 373.8908128015265,
            "z": 10.0
        },
        {
            "x": 141.15295385991132,
            "y": 370.3552223610237,
            "z": 10.0
        },
        {
            "x": 137.10249064443164,
            "y": 372.9906262396686,
            "z": 10.0
        },
        {
            "x": 197.83580103195675,
            "y": 374.3868762318685,
            "z": 10.0
        },
        {
            "x": 145.07093894261308,
            "y": 396.4920607659156,
            "z": 10.0
        },
        {
            "x": 189.9106033085264,
            "y": 369.5161184783214,
            "z": 10.0
        },
        {
            "x": 156.43430613940012,
            "y": 345.79453965508344,
            "z": 10.0
        },
        {
            "x": 227.63662093465476,
            "y": 371.8978534443735,
            "z": 10.0
        },
        {
            "x": 132.7571890248011,
            "y": 360.65075080246567,
            "z": 10.0
        },
        {
            "x": 176.3402838117613,
            "y": 374.36900743310036,
            "z": 10.0
        },
        {
            "x": 168.886011965807,
            "y": 336.95530827833954,
            "z": 10.0
        },
        {
            "x": 181.46699834915324,
            "y": 390.7409148885169,
            "z": 10.0
        },
        {
            "x": 163.2894706056329,
            "y": 393.47755690567993,
            "z": 10.0
        },
        {
            "x": 159.93897918782235,
            "y": 327.73634842972405,
            "z": 10.0
        },
        {
            "x": 173.0879397743661,
            "y": 385.545615235957,
            "z": 10.0
        },
        {
            "x": 187.11910058950681,
            "y": 359.1127518345877,
            "z": 10.0
        },
        {
            "x": 170.51510581308378,
            "y": 353.4794816081727,
            "z": 10.0
        },
        {
            "x": 178.7228584778763,
            "y": 346.23572985497276,
            "z": 10.0
        },
        {
            "x": 177.25843903038796,
            "y": 366.5276262683834,
            "z": 10.0
        },
        {
            "x": 190.39472615001014,
            "y": 334.2011699990095,
            "z": 10.0
        },
        {
            "x": 204.94030198770423,
            "y": 372.8265136527092,
            "z": 10.0
        },
        {
            "x": 206.66084684687098,
            "y": 377.52832965534157,
            "z": 10.0
        },
        {
            "x": 212.1907810900343,
            "y": 396.7274205840645,
            "z": 10.0
        }
    ],
    "sensors": [
        {
            "x": 105.6479930486573,
            "y": 354.7431634098794,
            "z": -1.0
        },
        {
            "x": 185.64853046411238,
            "y": 420.20796620307254,
            "z": -1.0
        },
        {
            "x": 139.52124096104006,
            "y": 405.1624593672531,
            "z": -1.0
        },
        {
            "x": 122.55376976542715,
            "y": 360.700254251644,
            "z": -1.0
        },
        {
            "x": 214.54126649935185,
            "y": 429.4946691584748,
            "z": -1.0
        },
        {
            "x": 216.32193637659086,
            "y": 294.0488112301412,
            "z": -1.0
        },
        {
            "x": 239.81159683433722,
            "y": 421.61263094226206,
            "z": -1.0
        },
        {
            "x": 259.9270602985951,
            "y": 391.42279679057634,
            "z": -1.0
        },
        {
            "x": 131.1851072302226,
            "y": 449.22118387168734,
            "z": -1.0
        },
        {
            "x": 138.86419087801355,
            "y": 310.88101287696037,
            "z": -1.0
        },
        {
            "x": 206.05640613744254,
            "y": 446.9392650441281,
            "z": -1.0
        },
        {
            "x": 249.15814311496558,
            "y": 377.15634938591455,
            "z": -1.0
        },
        {
            "x": 101.34875945495541,
            "y": 366.827921120533,
            "z": -1.0
        },
        {
            "x": 205.3911443412751,
            "y": 299.60254185276284,
            "z": -1.0
        },
        {
            "x": 213.42405752829413,
            "y": 316.55707290736296,
            "z": -1.0
        },
        {
            "x": 217.4443145141064,
            "y": 332.58377538386515,
            "z": -1.0
        },
        {
            "x": 107.7420845494882,
            "y": 369.24733396836575,
            "z": -1.0
        },
        {
            "x": 265.7282830603451,
            "y": 375.17227736295825,
            "z": -1.0
        },
        {
            "x": 114.26934579106506,
            "y": 341.0055051729507,
            "z": -1.0
        },
        {
            "x": 225.6486982999813,
            "y": 295.6209419834596,
            "z": -1.0
        },
        {
            "x": 164.3686730440654,
            "y": 296.36402131084236,
            "z": -1.0
        },
        {
            "x": 131.2679523503349,
            "y": 324.1442172505068,
            "z": -1.0
        },
        {
            "x": 131.41342132586664,
            "y": 424.09440922267515,
            "z": -1.0
        },
        {
            "x": 232.17480036586159,
            "y": 321.07141358515935,
            "z": -1.0
        },
        {
            "x": 164.14533388004782,
            "y": 318.3492370481519,
            "z": -1.0
        },
        {
            "x": 141.38737168401326,
            "y": 285.4299720628376,
            "z": -1.0
        },
        {
            "x": 216.6958180920811,
            "y": 334.54852759295255,
            "z": -1.0
        },
        {
            "x": 141.64489882220676,
            "y": 426.14780604388005,
            "z": -1.0
        },
        {
            "x": 251.94596917903905,
            "y": 419.5257940827099,
            "z": -1.0
        },
        {
            "x": 238.5215147239813,
            "y": 428.3831936256403,
            "z": -1.0
        },
        {
            "x": 252.15886067609134,
            "y": 334.21198433609936,
            "z": -1.0
        },
        {
            "x": 164.35785239481942,
            "y": 279.6687998041328,
            "z": -1.0
        },
        {
            "x": 220.54709411051272,
            "y": 311.30656819193473,
            "z": -1.0
        },
        {
            "x": 130.58333761478292,
            "y": 315.0363065683809,
            "z": -1.0
        },
        {
            "x": 262.77851659836267,
            "y": 367.02813313234043,
            "z": -1.0
        },
        {
            "x": 118.33889551657644,
            "y": 315.1020764984553,
            "z": -1.0
        },
        {
            "x": 249.77049160648235,
            "y": 399.9440526416686,
            "z": -1.0
        },
        {
            "x": 162.0927192101136,
            "y": 452.35761491706575,
            "z": -1.0
        },
        {
            "x": 231.3444377884744,
            "y": 377.03041044028055,
            "z": -1.0
        },
        {
            "x": 253.44591314766797,
            "y": 406.27329533170047,
            "z": -1.0
        },
        {
            "x": 227.75685068389794,
            "y": 337.8759368276217,
            "z": -1.0
        },
        {
            "x": 240.28722625997295,
            "y": 310.5730365733998,
            "z": -1.0
        },
        {
            "x": 220.10592831111836,
            "y": 420.3662066337873,
            "z": -1.0
        },
        {
            "x": 164.42431461858388,
            "y": 283.9219760883816,
            "z": -1.0
        },
        {
            "x": 130.20476787629215,
            "y": 421.70418561366927,
            "z": -1.0
        },
        {
            "x": 224.58042446721555,
            "y": 406.16343139956194,
            "z": -1.0
        },
        {
            "x": 103.49287455916856,
            "y": 344.9684909717231,
            "z": -1.0
        },
        {
            "x": 202.2380939091783,
            "y": 281.70910585445216,
            "z": -1.0
        },
        {
            "x": 169.11455553420896,
            "y": 450.05661148746145,
            "z": -1.0
        },
        {
            "x": 140.23217590036256,
            "y": 408.27269657970754,
            "z": -1.0
        },
        {
            "x": 250.47972073561752,
            "y": 349.22303366041615,
            "z": -1.0
        },
        {
            "x": 249.88444559781243,
            "y": 335.15238651223086,
            "z": -1.0
        },
        {
            "x": 239.38070171189528,
            "y": 341.65680828009414,
            "z": -1.0
        },
        {
            "x": 254.76320130414305,
            "y": 377.5957742945905,
            "z": -1.0
        },
        {
            "x": 104.64972430757446,
            "y": 388.7341654995338,
            "z": -1.0
        },
        {
            "x": 156.4877194862628,
            "y": 433.4225444355332,
            "z": -1.0
        },
        {
            "x": 270.34861678682347,
            "y": 395.48051335609904,
            "z": -1.0
        },
        {
            "x": 135.45393482396395,
            "y": 447.627917212672,
            "z": -1.0
        },
        {
            "x": 179.487581779394,
            "y": 291.99447428128786,
            "z": -1.0
        },
        {
            "x": 212.88221467430634,
            "y": 456.3392679487862,
            "z": -1.0
        },
        {
            "x": 133.75988207349133,
            "y": 452.89501698764303,
            "z": -1.0
        },
        {
            "x": 191.30753761201169,
            "y": 426.2990940616314,
            "z": -1.0
        },
        {
            "x": 243.53108539160468,
            "y": 337.0174862238968,
            "z": -1.0
        },
        {
            "x": 231.89848264634887,
            "y": 374.30467146082617,
            "z": -1.0
        },
        {
            "x": 245.1888797418647,
            "y": 405.8469601064808,
            "z": -1.0
        },
        {
            "x": 150.88306375700623,
            "y": 419.04607090748254,
            "z": -1.0
        },
        {
            "x": 241.64632026869154,
            "y": 322.58613737844746,
            "z": -1.0
        },
        {
            "x": 186.59176306255438,
            "y": 452.66606870494167,
            "z": -1.0
        },
        {
            "x": 164.25354548684857,
            "y": 441.2979801308575,
            "z": -1.0
        },
        {
            "x": 123.55145569018228,
            "y": 361.5567750360624,
            "z": -1.0
        },
        {
            "x": 236.19251686151915,
            "y": 332.24559911587573,
            "z": -1.0
        },
        {
            "x": 106.51731969107547,
            "y": 351.07337997771305,
            "z": -1.0
        },
        {
            "x": 197.9523632762704,
            "y": 444.3040914729108,
            "z": -1.0
        },
        {
            "x": 231.71757483953365,
            "y": 335.6651037273533,
            "z": -1.0
        },
        {
            "x": 104.01775842756145,
            "y": 389.03777020143514,
            "z": -1.0
        },
        {
            "x": 265.6131539357069,
            "y": 370.7832839149647,
            "z": -1.0
        },
        {
            "x": 243.75734270647692,
            "y": 388.79416015285256,
            "z": -1.0
        },
        {
            "x": 214.91040897058062,
            "y": 423.665136454375,
            "z": -1.0
        },
        {
            "x": 207.3987366129303,
            "y": 293.5738839680952,
            "z": -1.0
        },
        {
            "x": 168.88707017048654,
            "y": 290.542341442997,
            "z": -1.0
        },
        {
            "x": 213.6053344101756,
            "y": 303.5800245446261,
            "z": -1.0
        },
        {
            "x": 228.3545600309771,
            "y": 404.19569774466777,
            "z": -1.0
        },
        {
            "x": 209.60885340759344,
            "y": 304.13088853633434,
            "z": -1.0
        },
        {
            "x": 127.09776464461703,
            "y": 384.5210810825043,
            "z": -1.0
        },
        {
            "x": 159.97410274499362,
            "y": 308.06201006180777,
            "z": -1.0
        },
        {
            "x": 232.1886179467038,
            "y": 339.4667858740968,
            "z": -1.0
        },
        {
            "x": 121.4298222015982,
            "y": 355.40082370277094,
            "z": -1.0
        },
        {
            "x": 112.67251010825613,
            "y": 402.72269220132904,
            "z": -1.0
        },
        {
            "x": 127.59750756457555,
            "y": 357.9019820184565,
            "z": -1.0
        },
        {
            "x": 236.45328647486573,
            "y": 323.39842271614333,
            "z": -1.0
        },
        {
            "x": 201.62611668561004,
            "y": 307.6699231390442,
            "z": -1.0
        },
        {
            "x": 263.6394284546592,
            "y": 355.7659918814965,
            "z": -1.0
        },
        {
            "x": 217.1998939494111,
            "y": 450.94207574363816,
            "z": -1.0
        },
        {
            "x": 105.92010552770037,
            "y": 382.14488457742505,
            "z": -1.0
        },
        {
            "x": 220.29944222807697,
            "y": 448.7678482217853,
            "z": -1.0
        },
        {
            "x": 134.6002347986619,
            "y": 309.6001459716502,
            "z": -1.0
        },
        {
            "x": 132.72418237879074,
            "y": 406.4635677434939,
            "z": -1.0
        },
        {
            "x": 148.9192874970039,
            "y": 413.8428653159083,
            "z": -1.0
        },
        {
            "x": 110.95554767107684,
            "y": 315.5192815222892,
            "z": -1.0
        },
        {
            "x": 96.992545747566,
            "y": 336.2557142433357,
            "z": -1.0
        }
    ],
    "center": {
        "x": 180.11742803733466,
        "y": 369.5889147679637,
        "z": 0.0
    },
    "radius": 50
}