{
    "W": 500,
    "H": 500,
    "depth": 1.0,
    "height": 10.0,
    "num_of_relays": 100,
    "num_of_sensors": 100,
    "relays": [
        {
            "x": 58.65540963965976,
            "y": 213.9316727137125,
            "z": 10.0
        },
        {
            "x": 113.73205236868932,
            "y": 228.92405895357552,
            "z": 14.219443154093135
        },
        {
            "x": 58.91630553476662,
            "y": 206.9333108477337,
            "z": 10.0
        },
        {
            "x": 122.31404732019796,
            "y": 259.65543058430654,
            "z": 10.11105965745516
        },
        {
            "x": 67.82703333385254,
            "y": 199.3597381944167,
            "z": 10.0
        },
        {
            "x": 130.39141384248782,
            "y": 252.5877655929778,
            "z": 15.846269849544344
        },
        {
            "x": 130.40508976889166,
            "y": 254.49107978154163,
            "z": 16.755200237880736
        },
        {
            "x": 72.74819399902138,
            "y": 214.16163912883223,
            "z": 10.0
        },
        {
            "x": 106.88181478656166,
            "y": 223.12502932892787,
            "z": 14.294359758330748
        },
        {
            "x": 106.05388348033861,
            "y": 186.15627539899882,
            "z": 22.1700510695851
        },
        {
            "x": 79.06378212794385,
            "y": 244.95502149187882,
            "z": 10.0
        },
        {
            "x": 78.07040056768683,
            "y": 215.88273176102385,
            "z": 10.0
        },
        {
            "x": 90.95041292788308,
            "y": 237.315131861964,
            "z": 10.0
        },
        {
            "x": 88.78480508894671,
            "y": 224.14707155551395,
            "z": 10.0
        },
        {
            "x": 101.46490243028595,
            "y": 223.0998075373818,
            "z": 10.0
        },
        {
            "x": 92.91122214488861,
            "y": 189.68428961998902,
            "z": 18.646827088944605
        },
        {
            "x": 115.40843666624251,
            "y": 245.54327827450362,
            "z": 19.500318310660596
        },
        {
            "x": 64.42918514530798,
            "y": 219.77657132874884,
            "z": 10.0
        },
        {
            "x": 99.06517352680638,
            "y": 185.40849556207323,
            "z": 19.546028406454113
        },
        {
            "x": 81.28698377097959,
            "y": 178.62785604742982,
            "z": 14.35342725691578
        },
        {
            "x": 101.12873684936568,
            "y": 252.60881782553952,
            "z": 10.0
        },
        {
            "x": 115.00470154752934,
            "y": 229.8016962175612,
            "z": 18.12048995461167
        },
        {
            "x": 95.83100550855345,
            "y": 182.39381583827284,
            "z": 20.351342173581983
        },
        {
            "x": 79.2934192269732,
            "y": 245.90888256721922,
            "z": 10.0
        },
        {
            "x": 100.51088597402163,
            "y": 216.17942415131387,
            "z": 10.0
        },
        {
            "x": 83.32577080035874,
            "y": 205.8497439939737,
            "z": 10.0
        },
        {
            "x": 126.43947680665258,
            "y": 218.7923052431015,
            "z": 47.8053465591343
        },
        {
            "x": 64.87471354848229,
            "y": 229.4310393603461,
            "z": 10.0
        },
        {
            "x": 61.69115136262832,
            "y": 213.78410915601498,
            "z": 10.0
        },
        {
            "x": 74.57170165890165,
            "y": 200.80855989479755,
            "z": 10.0
        },
        {
            "x": 90.23078224533532,
            "y": 237.25867800046,
            "z": 10.0
        },
        {
            "x": 86.19916221531848,
            "y": 213.8195355948751,
            "z": 10.0
        },
        {
            "x": 127.30015300150276,
            "y": 217.82629064732566,
            "z": 40.48156625532934
        },
        {
            "x": 130.41589776834812,
            "y": 237.82525123253018,
            "z": 27.357597312324884
        },
        {
            "x": 96.35402920941621,
            "y": 255.3136384053481,
            "z": 10.0
        },
        {
            "x": 83.22779774822536,
            "y": 187.89439679090896,
            "z": 11.604770660257422
        },
        {
            "x": 88.96593021845806,
            "y": 171.81373857419658,
            "z": 19.06640466891778
        },
        {
            "x": 66.9978076961656,
            "y": 217.72560485549985,
            "z": 10.0
        },
        {
            "x": 136.9553849328015,
            "y": 251.86399790611142,
            "z": 17.59980582562922
        },
        {
            "x": 106.21883011434925,
            "y": 170.99737924547003,
            "z": 22.986087969707285
        },
        {
            "x": 128.16188648927456,
            "y": 206.96688053728602,
            "z": 49.49833179480183
        },
        {
            "x": 74.87884503761916,
            "y": 214.53733673821225,
            "z": 10.0
        },
        {
            "x": 71.28197905829076,
            "y": 214.07595758841086,
            "z": 10.0
        },
        {
            "x": 95.52624861062242,
            "y": 216.04864162200133,
            "z": 10.0
        },
        {
            "x": 94.12713051346566,
            "y": 182.52489795080334,
            "z": 16.50497959016067
        },
        {
            "x": 97.85851870051943,
            "y": 224.18675283025402,
            "z": 10.0
        },
        {
            "x": 93.1962206949608,
            "y": 209.5822251610481,
            "z": 11.773636360692498
        },
        {
            "x": 115.55612681522209,
            "y": 250.06650165921684,
            "z": 15.372548817263603
        },
        {
            "x": 91.41647930592517,
            "y": 248.0285448843187,
            "z": 10.0
        },
        {
            "x": 100.29111386280393,
            "y": 250.81389303120488,
            "z": 10.0
        },
        {
            "x": 125.08365261705512,
            "y": 248.51905973748694,
            "z": 17.377253849347547
        },
        {
            "x": 104.69465313621212,
            "y": 227.93125492599526,
            "z": 10.0
        },
        {
            "x": 76.1760606444018,
            "y": 204.91164420090496,
            "z": 10.0
        },
        {
            "x": 135.06502206005777,
            "y": 251.75326244881984,
            "z": 17.69674495007817
        },
        {
            "x": 105.41538719903515,
            "y": 251.25882652654386,
            "z": 10.0
        },
        {
            "x": 102.13262717532274,
            "y": 251.75241417211242,
            "z": 10.0
        },
        {
            "x": 81.55497915128673,
            "y": 192.9140230937072,
            "z": 10.401554812458128
        },
        {
            "x": 121.11192102107205,
            "y": 225.27601218932747,
            "z": 18.51834483351357
        },
        {
            "x": 123.25198373149138,
            "y": 215.72256769142066,
            "z": 17.081565542934438
        },
        {
            "x": 78.35965632705688,
            "y": 212.05237409744166,
            "z": 10.0
        },
        {
            "x": 65.42695838860641,
            "y": 206.4829677330664,
            "z": 10.0
        },
        {
            "x": 110.73775968391602,
            "y": 219.29691581947574,
            "z": 17.260485385698107
        },
        {
            "x": 89.74209800807748,
            "y": 257.12277615022106,
            "z": 10.0
        },
        {
            "x": 112.04903311839631,
            "y": 188.39027267008606,
            "z": 31.000676605919793
        },
        {
            "x": 113.61316866566351,
            "y": 183.1619270579935,
            "z": 34.11816658557919
        },
        {
            "x": 79.3600637110018,
            "y": 201.58165807349064,
            "z": 10.0
        },
        {
            "x": 112.73262514586868,
            "y": 237.68443133234206,
            "z": 12.440966848318274
        },
        {
            "x": 95.63162417276288,
            "y": 187.3274446037423,
            "z": 20.225777272599696
        },
        {
            "x": 119.15179033077361,
            "y": 220.1792003130094,
            "z": 20.219992054342164
        },
        {
            "x": 91.15790638304777,
            "y": 241.77615528860935,
            "z": 10.0
        },
        {
            "x": 98.16099372676979,
            "y": 239.35938952185637,
            "z": 10.0
        },
        {
            "x": 78.29728317120049,
            "y": 245.2804402639212,
            "z": 10.0
        },
        {
            "x": 74.03545700417241,
            "y": 200.6209462983704,
            "z": 10.0
        },
        {
            "x": 76.92301269024016,
            "y": 244.65897397279394,
            "z": 10.0
        },
        {
            "x": 112.5063316455448,
            "y": 258.83735210116697,
            "z": 10.0
        },
        {
            "x": 120.38478835830485,
            "y": 244.50820647062483,
            "z": 15.924349665100152
        },
        {
            "x": 99.04699587763139,
            "y": 181.14352034160558,
            "z": 18.600928478247816
        },
        {
            "x": 88.18599894078177,
            "y": 231.63676205957012,
            "z": 10.0
        },
        {
            "x": 113.38502756137969,
            "y": 248.1468526263727,
            "z": 14.589355993245924
        },
        {
            "x": 121.1763980599867,
            "y": 211.56075995385348,
            "z": 24.01624122551155
        },
        {
            "x": 101.45079321170469,
            "y": 195.4217954511941,
            "z": 15.20317509893007
        },
        {
            "x": 99.6805549503707,
            "y": 199.6823934964641,
            "z": 15.99963229078132
        },
        {
            "x": 82.55191314615878,
            "y": 189.74396544633987,
            "z": 13.2715209781203
        },
        {
            "x": 128.21489650426403,
            "y": 237.5236785355747,
            "z": 18.523678535574703
        },
        {
            "x": 63.528535982125604,
            "y": 212.20868845364677,
            "z": 10.0
        },
        {
            "x": 93.91122547983943,
            "y": 250.1491051998677,
            "z": 10.0
        },
        {
            "x": 85.69259277863172,
            "y": 256.04267096697083,
            "z": 10.0
        },
        {
            "x": 70.62068049440428,
            "y": 198.37828094623111,
            "z": 10.0
        },
        {
            "x": 111.02384634514878,
            "y": 222.38047528750693,
            "z": 17.592024593802016
        },
        {
            "x": 89.61529212460212,
            "y": 240.74576385636763,
            "z": 10.0
        },
        {
            "x": 75.98521371028261,
            "y": 245.73439425008385,
            "z": 10.0
        },
        {
            "x": 79.02242199790743,
            "y": 225.6144527310286,
            "z": 10.0
        },
        {
            "x": 135.001562635257,
            "y": 251.70670284008096,
            "z": 17.68257445787114
        },
        {
            "x": 102.882392701307,
            "y": 258.2668013276201,
            "z": 10.0
        },
        {
            "x": 135.14405168858025,
            "y": 240.57124287556286,
            "z": 25.166018997305947
        },
        {
            "x": 132.05998405082647,
            "y": 226.58025383733937,
            "z": 39.098249651655635
        },
        {
            "x": 81.35032473182247,
            "y": 194.937287899979,
            "z": 10.720779901617021
        },
        {
            "x": 63.263313349620546,
            "y": 214.44666861275147,
            "z": 10.0
        },
        {
            "x": 101.13943074716447,
            "y": 258.06571094490374,
            "z": 10.0
        },
        {
            "x": 83.0708107922543,
            "y": 197.3659191594801,
            "z": 10.0
        }
    ],
    "sensors": [
        {
            "x": 81.39640014748817,
            "y": 155.57403316231012,
            "z": 0.441805988945313
        },
        {
            "x": 87.83802486706949,
            "y": 148.44238201900905,
            "z": 9.512162754431415
        },
        {
            "x": 34.590159423312784,
            "y": 224.23353264785834,
            "z": 26.86314393382205
        },
        {
            "x": 153.45004429920363,
            "y": 246.0208278893597,
            "z": 49.11319637950941
        },
        {
            "x": 106.27867490194053,
            "y": 153.05643076358433,
            "z": 41.648186784927475
        },
        {
            "x": 54.38251994760807,
            "y": 168.25915670459867,
            "z": -1.0
        },
        {
            "x": 71.84318676385482,
            "y": 301.53872726849113,
            "z": -1.0
        },
        {
            "x": 115.59068475218065,
            "y": 281.56834542776846,
            "z": 1.2327395080892511
        },
        {
            "x": 109.24868821920458,
            "y": 286.63644653983175,
            "z": -1.0
        },
        {
            "x": 135.84619026860528,
            "y": 279.136318704866,
            "z": 7.253440493269572
        },
        {
            "x": 45.31729773218351,
            "y": 201.28298379354365,
            "z": 18.517188403620697
        },
        {
            "x": 106.18093458924588,
            "y": 287.41178960412185,
            "z": -1.0
        },
        {
            "x": 54.64126572692707,
            "y": 146.35352969386778,
            "z": -1.0
        },
        {
            "x": 51.68811079536029,
            "y": 210.34961610070658,
            "z": -1.0
        },
        {
            "x": 27.616101011996573,
            "y": 242.00896471089933,
            "z": 20.14493404508988
        },
        {
            "x": 113.52542022686185,
            "y": 168.7362363173846,
            "z": 35.092231491577
        },
        {
            "x": 108.04264105851897,
            "y": 271.86969985713637,
            "z": -1.0
        },
        {
            "x": 59.16898206692284,
            "y": 140.11263243093163,
            "z": -1.0
        },
        {
            "x": 158.15082470319092,
            "y": 266.1386527112369,
            "z": 22.885588186358056
        },
        {
            "x": 55.827294449060425,
            "y": 292.23207889538446,
            "z": 3.3370783367734367
        },
        {
            "x": 154.7843273390234,
            "y": 275.33429467464356,
            "z": 9.756288758067996
        },
        {
            "x": 95.33888690280523,
            "y": 140.0136267577965,
            "z": 9.156064553267889
        },
        {
            "x": 92.60259068047804,
            "y": 299.7067889149351,
            "z": -1.0
        },
        {
            "x": 61.69384862056787,
            "y": 283.4502082040521,
            "z": -1.0
        },
        {
            "x": 50.30818306091967,
            "y": 244.8412794530413,
            "z": -0.8114919430092573
        },
        {
            "x": 61.60664510035191,
            "y": 161.4482657382817,
            "z": -1.0
        },
        {
            "x": 47.596256346446154,
            "y": 273.36252802955136,
            "z": 25.141919507431098
        },
        {
            "x": 117.69094822297154,
            "y": 306.0360927815256,
            "z": -1.0
        },
        {
            "x": 61.35897451933864,
            "y": 234.97989153689363,
            "z": -1.0
        },
        {
            "x": 77.70998925873995,
            "y": 149.68719287136628,
            "z": 1.7335749102894162
        },
        {
            "x": 135.39279106607637,
            "y": 270.4072645547752,
            "z": 6.081452910955044
        },
        {
            "x": 77.99846898113405,
            "y": 302.2284049414233,
            "z": -1.0
        },
        {
            "x": 94.24390553075146,
            "y": 286.1915871699062,
            "z": -1.0
        },
        {
            "x": 32.658904946457845,
            "y": 237.19426545036626,
            "z": 12.402549067431249
        },
        {
            "x": 129.46208289187828,
            "y": 193.26871237636084,
            "z": 64.3109739541267
        },
        {
            "x": 113.71262980272034,
            "y": 285.178614481194,
            "z": -1.0
        },
        {
            "x": 101.01385563758735,
            "y": 275.355799963753,
            "z": -1.0
        },
        {
            "x": 102.98568837498473,
            "y": 147.23664372052653,
            "z": 18.275406419962653
        },
        {
            "x": 102.12223266613357,
            "y": 275.76253090004235,
            "z": -1.0
        },
        {
            "x": 56.81390818850207,
            "y": 265.4651764272903,
            "z": 8.976611859961304
        },
        {
            "x": 147.72326061951085,
            "y": 285.1719252641075,
            "z": 6.633414602761174
        },
        {
            "x": 120.70701014033503,
            "y": 269.3307073386258,
            "z": -1.0
        },
        {
            "x": 60.587245140776794,
            "y": 162.3926528985766,
            "z": -1.0
        },
        {
            "x": 114.04657758907067,
            "y": 283.16722498489054,
            "z": -1.0
        },
        {
            "x": 91.96423712504203,
            "y": 141.97780500627448,
            "z": 9.310790241553468
        },
        {
            "x": 46.57660302892752,
            "y": 283.1143414813689,
            "z": 15.345109714875228
        },
        {
            "x": 44.01062746690382,
            "y": 192.09714792948623,
            "z": 25.49498138535148
        },
        {
            "x": 68.24357982639845,
            "y": 284.02678816162944,
            "z": -1.0
        },
        {
            "x": 86.0317865275198,
            "y": 302.0120551333136,
            "z": -1.0
        },
        {
            "x": 53.29110239380947,
            "y": 225.1964521884845,
            "z": 6.588304496603309
        },
        {
            "x": 119.06030714818294,
            "y": 286.21185941181267,
            "z": 0.5453333443102086
        },
        {
            "x": 85.76362353532441,
            "y": 303.94472009778247,
            "z": -1.0
        },
        {
            "x": 167.04331623790185,
            "y": 177.9889222895701,
            "z": 57.71738712296617
        },
        {
            "x": 161.82555327861868,
            "y": 192.90812418584287,
            "z": 81.5096320571162
        },
        {
            "x": 32.790818611506175,
            "y": 222.75338459002603,
            "z": 30.306477784975748
        },
        {
            "x": 77.87761849050534,
            "y": 293.66237242388223,
            "z": -1.0
        },
        {
            "x": 54.24102336714714,
            "y": 158.9841422932217,
            "z": -1.0
        },
        {
            "x": 83.6632618255354,
            "y": 125.73202937561717,
            "z": 2.663906029391096
        },
        {
            "x": 97.43174188462956,
            "y": 144.58290273104424,
            "z": 14.184898896728837
        },
        {
            "x": 122.14689542644147,
            "y": 286.75282372863614,
            "z": 8.543698691695065
        },
        {
            "x": 97.90600683596512,
            "y": 132.59524996280476,
            "z": 17.36954325374733
        },
        {
            "x": 95.81018589777857,
            "y": 165.3209006433496,
            "z": 6.991631222109591
        },
        {
            "x": 143.10465728755867,
            "y": 268.7237338135073,
            "z": 6.44080483453047
        },
        {
            "x": 58.08143291582346,
            "y": 171.46494851607545,
            "z": -1.0
        },
        {
            "x": 137.45663277783433,
            "y": 210.81389030195203,
            "z": 58.40254093011863
        },
        {
            "x": 79.78679448469033,
            "y": 276.42443034435075,
            "z": -1.0
        },
        {
            "x": 122.51042552091901,
            "y": 186.33196377694384,
            "z": 50.04172222384615
        },
        {
            "x": 132.44756459501983,
            "y": 180.81875206376097,
            "z": 88.11125784229168
        },
        {
            "x": 85.261458249544,
            "y": 148.15224064694073,
            "z": 8.365479558593893
        },
        {
            "x": 145.34050848152236,
            "y": 279.72202960356196,
            "z": 8.064315645200502
        },
        {
            "x": 36.85265202411397,
            "y": 235.80518466276735,
            "z": 8.922360613311637
        },
        {
            "x": 32.38069486552436,
            "y": 225.7698034475475,
            "z": 24.435779408226235
        },
        {
            "x": 62.60550903585377,
            "y": 252.194781733181,
            "z": -1.0
        },
        {
            "x": 50.43939441150719,
            "y": 152.23950634289872,
            "z": -1.0
        },
        {
            "x": 161.8647797468059,
            "y": 276.6686099759968,
            "z": 43.45841977127327
        },
        {
            "x": 70.03729020303312,
            "y": 157.47889530795928,
            "z": -1.0
        },
        {
            "x": 149.5222800642574,
            "y": 258.64952637032945,
            "z": 13.758235293377375
        },
        {
            "x": 32.83556158107981,
            "y": 251.28464912811106,
            "z": 35.11077785485975
        },
        {
            "x": 55.97266504650567,
            "y": 217.03702775748422,
            "z": -1.0
        },
        {
            "x": 110.14849301184687,
            "y": 282.83758821396805,
            "z": -1.0
        },
        {
            "x": 85.45608187368053,
            "y": 271.7291199485684,
            "z": -1.0
        },
        {
            "x": 83.52083332378574,
            "y": 141.42222810478904,
            "z": 3.6736521551020367
        },
        {
            "x": 126.69391011083914,
            "y": 288.54017379351154,
            "z": 11.29927287115758
        },
        {
            "x": 86.72538876118068,
            "y": 285.97666036470423,
            "z": -1.0
        },
        {
            "x": 103.82860060085054,
            "y": 306.367969521329,
            "z": -1.0
        },
        {
            "x": 57.4017896505869,
            "y": 177.02913383773227,
            "z": -1.0
        },
        {
            "x": 132.24273528456732,
            "y": 266.3401464721681,
            "z": 2.8944420602238856
        },
        {
            "x": 19.389595923870463,
            "y": 233.42535085855104,
            "z": 31.393029550889636
        },
        {
            "x": 99.0931147538448,
            "y": 300.0727253251026,
            "z": -1.0
        },
        {
            "x": 51.27892885699664,
            "y": 279.52381060855873,
            "z": 7.764048888670649
        },
        {
            "x": 113.02298637177233,
            "y": 167.70804211163775,
            "z": 31.169541217881587
        },
        {
            "x": 122.20481948313206,
            "y": 272.0132558489953,
            "z": 2.3560018950215724
        },
        {
            "x": 143.12743143138502,
            "y": 285.55338352710305,
            "z": 6.930773238549089
        },
        {
            "x": 164.50592199805385,
            "y": 272.0935646519991,
            "z": 43.855662717567355
        },
        {
            "x": 35.61189643360202,
            "y": 235.82966158284268,
            "z": 9.084705602386451
        },
        {
            "x": 68.35941561384873,
            "y": 166.35505282640105,
            "z": -1.0
        },
        {
            "x": 141.5016611651113,
            "y": 251.73010606071117,
            "z": 12.680993705748982
        },
        {
            "x": 76.34019410721466,
            "y": 172.59765857144228,
            "z": -1.0
        },
        {
            "x": 130.6049493257168,
            "y": 275.41299437253076,
            "z": 10.385550066148062
        },
        {
            "x": 36.80071178082811,
            "y": 212.56346369234558,
            "z": 41.76542530608896
        }
    ],
    "center": {
        "x": 107.87002699574228,
        "y": 213.99516221010293,
        "z": 6.510524965773292
    },
    "radius": 50
}